sex,age_month,bmi,percentile
m,24,13.5,1
m,25,13.5,1
m,26,13.4,1
m,27,13.4,1
m,28,13.3,1
m,29,13.3,1
m,30,13.3,1
m,31,13.2,1
m,32,13.2,1
m,33,13.1,1
m,34,13.1,1
m,35,13.1,1
m,36,13.3,1
m,37,13.3,1
m,38,13.3,1
m,39,13.3,1
m,40,13.3,1
m,41,13.3,1
m,42,13.3,1
m,43,13.3,1
m,44,13.3,1
m,45,13.3,1
m,46,13.3,1
m,47,13.3,1
m,48,13.3,1
m,49,13.3,1
m,50,13.3,1
m,51,13.3,1
m,52,13.3,1
m,53,13.3,1
m,54,13.3,1
m,55,13.3,1
m,56,13.3,1
m,57,13.3,1
m,58,13.3,1
m,59,13.3,1
m,60,13.3,1
m,61,13.2,1
m,62,13.2,1
m,63,13.2,1
m,64,13.2,1
m,65,13.2,1
m,66,13.2,1
m,67,13.2,1
m,68,13.2,1
m,69,13.2,1
m,70,13.2,1
m,71,13.2,1
m,72,13.2,1
m,73,13.2,1
m,74,13.2,1
m,75,13.2,1
m,76,13.2,1
m,77,13.2,1
m,78,13.2,1
m,79,13.2,1
m,80,13.2,1
m,81,13.2,1
m,82,13.2,1
m,83,13.2,1
m,84,13.2,1
m,85,13.2,1
m,86,13.2,1
m,87,13.2,1
m,88,13.2,1
m,89,13.2,1
m,90,13.2,1
m,91,13.2,1
m,92,13.2,1
m,93,13.2,1
m,94,13.2,1
m,95,13.3,1
m,96,13.3,1
m,97,13.3,1
m,98,13.3,1
m,99,13.3,1
m,100,13.3,1
m,101,13.3,1
m,102,13.3,1
m,103,13.3,1
m,104,13.3,1
m,105,13.3,1
m,106,13.3,1
m,107,13.3,1
m,108,13.4,1
m,109,13.4,1
m,110,13.4,1
m,111,13.4,1
m,112,13.4,1
m,113,13.4,1
m,114,13.4,1
m,115,13.4,1
m,116,13.4,1
m,117,13.5,1
m,118,13.5,1
m,119,13.5,1
m,120,13.5,1
m,121,13.5,1
m,122,13.5,1
m,123,13.5,1
m,124,13.6,1
m,125,13.6,1
m,126,13.6,1
m,127,13.6,1
m,128,13.6,1
m,129,13.6,1
m,130,13.7,1
m,131,13.7,1
m,132,13.7,1
m,133,13.7,1
m,134,13.8,1
m,135,13.8,1
m,136,13.8,1
m,137,13.8,1
m,138,13.9,1
m,139,13.9,1
m,140,13.9,1
m,141,13.9,1
m,142,14,1
m,143,14,1
m,144,14,1
m,145,14.1,1
m,146,14.1,1
m,147,14.1,1
m,148,14.2,1
m,149,14.2,1
m,150,14.3,1
m,151,14.3,1
m,152,14.3,1
m,153,14.4,1
m,154,14.4,1
m,155,14.4,1
m,156,14.5,1
m,157,14.5,1
m,158,14.6,1
m,159,14.6,1
m,160,14.7,1
m,161,14.7,1
m,162,14.7,1
m,163,14.8,1
m,164,14.8,1
m,165,14.9,1
m,166,14.9,1
m,167,15,1
m,168,15,1
m,169,15.1,1
m,170,15.1,1
m,171,15.2,1
m,172,15.2,1
m,173,15.2,1
m,174,15.3,1
m,175,15.3,1
m,176,15.4,1
m,177,15.4,1
m,178,15.5,1
m,179,15.5,1
m,180,15.6,1
m,181,15.6,1
m,182,15.6,1
m,183,15.7,1
m,184,15.7,1
m,185,15.8,1
m,186,15.8,1
m,187,15.8,1
m,188,15.9,1
m,189,15.9,1
m,190,16,1
m,191,16,1
m,192,16,1
m,193,16.1,1
m,194,16.1,1
m,195,16.1,1
m,196,16.2,1
m,197,16.2,1
m,198,16.2,1
m,199,16.3,1
m,200,16.3,1
m,201,16.3,1
m,202,16.3,1
m,203,16.4,1
m,204,16.4,1
m,205,16.4,1
m,206,16.5,1
m,207,16.5,1
m,208,16.5,1
m,209,16.5,1
m,210,16.6,1
m,211,16.6,1
m,212,16.6,1
m,213,16.6,1
m,214,16.7,1
m,215,16.7,1
m,216,16.7,1
m,217,16.8,1
m,218,16.8,1
m,219,16.8,1
m,220,16.8,1
m,221,16.9,1
m,222,16.9,1
m,223,16.9,1
m,224,16.9,1
m,225,17,1
m,226,17,1
m,227,17,1
f,24,13,1
f,25,13,1
f,26,13,1
f,27,13,1
f,28,12.9,1
f,29,12.9,1
f,30,12.9,1
f,31,12.9,1
f,32,12.8,1
f,33,12.8,1
f,34,12.8,1
f,35,12.8,1
f,36,13.1,1
f,37,13.1,1
f,38,13.1,1
f,39,13.1,1
f,40,13.1,1
f,41,13.1,1
f,42,13.1,1
f,43,13.1,1
f,44,13.1,1
f,45,13.1,1
f,46,13.1,1
f,47,13.1,1
f,48,13.1,1
f,49,13.1,1
f,50,13.1,1
f,51,13.1,1
f,52,13.1,1
f,53,13.1,1
f,54,13,1
f,55,13,1
f,56,13,1
f,57,13,1
f,58,13,1
f,59,13,1
f,60,13,1
f,61,13,1
f,62,13,1
f,63,13,1
f,64,13,1
f,65,13,1
f,66,13,1
f,67,13,1
f,68,13,1
f,69,13,1
f,70,13,1
f,71,13,1
f,72,12.9,1
f,73,12.9,1
f,74,12.9,1
f,75,12.9,1
f,76,12.9,1
f,77,12.9,1
f,78,12.9,1
f,79,12.9,1
f,80,12.9,1
f,81,12.9,1
f,82,12.9,1
f,83,12.9,1
f,84,12.9,1
f,85,12.9,1
f,86,12.9,1
f,87,12.9,1
f,88,12.9,1
f,89,12.9,1
f,90,12.9,1
f,91,12.9,1
f,92,12.9,1
f,93,12.9,1
f,94,12.9,1
f,95,12.9,1
f,96,12.9,1
f,97,12.9,1
f,98,12.9,1
f,99,12.9,1
f,100,13,1
f,101,13,1
f,102,13,1
f,103,13,1
f,104,13,1
f,105,13,1
f,106,13,1
f,107,13,1
f,108,13,1
f,109,13,1
f,110,13.1,1
f,111,13.1,1
f,112,13.1,1
f,113,13.1,1
f,114,13.1,1
f,115,13.1,1
f,116,13.1,1
f,117,13.2,1
f,118,13.2,1
f,119,13.2,1
f,120,13.2,1
f,121,13.2,1
f,122,13.3,1
f,123,13.3,1
f,124,13.3,1
f,125,13.3,1
f,126,13.4,1
f,127,13.4,1
f,128,13.4,1
f,129,13.4,1
f,130,13.5,1
f,131,13.5,1
f,132,13.5,1
f,133,13.6,1
f,134,13.6,1
f,135,13.6,1
f,136,13.7,1
f,137,13.7,1
f,138,13.7,1
f,139,13.8,1
f,140,13.8,1
f,141,13.8,1
f,142,13.9,1
f,143,13.9,1
f,144,14,1
f,145,14,1
f,146,14.1,1
f,147,14.1,1
f,148,14.2,1
f,149,14.2,1
f,150,14.2,1
f,151,14.3,1
f,152,14.3,1
f,153,14.4,1
f,154,14.4,1
f,155,14.5,1
f,156,14.5,1
f,157,14.6,1
f,158,14.6,1
f,159,14.7,1
f,160,14.7,1
f,161,14.7,1
f,162,14.8,1
f,163,14.8,1
f,164,14.9,1
f,165,14.9,1
f,166,15,1
f,167,15,1
f,168,15.1,1
f,169,15.1,1
f,170,15.1,1
f,171,15.2,1
f,172,15.2,1
f,173,15.3,1
f,174,15.3,1
f,175,15.4,1
f,176,15.4,1
f,177,15.4,1
f,178,15.5,1
f,179,15.5,1
f,180,15.6,1
f,181,15.6,1
f,182,15.6,1
f,183,15.7,1
f,184,15.7,1
f,185,15.7,1
f,186,15.8,1
f,187,15.8,1
f,188,15.8,1
f,189,15.9,1
f,190,15.9,1
f,191,15.9,1
f,192,16,1
f,193,16,1
f,194,16,1
f,195,16,1
f,196,16,1
f,197,16.1,1
f,198,16.1,1
f,199,16.1,1
f,200,16.1,1
f,201,16.1,1
f,202,16.2,1
f,203,16.2,1
f,204,16.2,1
f,205,16.2,1
f,206,16.2,1
f,207,16.2,1
f,208,16.3,1
f,209,16.3,1
f,210,16.3,1
f,211,16.3,1
f,212,16.3,1
f,213,16.3,1
f,214,16.4,1
f,215,16.4,1
f,216,16.4,1
f,217,16.4,1
f,218,16.4,1
f,219,16.4,1
f,220,16.4,1
f,221,16.4,1
f,222,16.5,1
f,223,16.5,1
f,224,16.5,1
f,225,16.5,1
f,226,16.5,1
f,227,16.5,1
m,24,13.9,3
m,25,13.9,3
m,26,13.8,3
m,27,13.8,3
m,28,13.8,3
m,29,13.7,3
m,30,13.7,3
m,31,13.7,3
m,32,13.6,3
m,33,13.6,3
m,34,13.5,3
m,35,13.5,3
m,36,13.8,3
m,37,13.8,3
m,38,13.8,3
m,39,13.8,3
m,40,13.8,3
m,41,13.8,3
m,42,13.8,3
m,43,13.8,3
m,44,13.8,3
m,45,13.8,3
m,46,13.8,3
m,47,13.8,3
m,48,13.8,3
m,49,13.8,3
m,50,13.8,3
m,51,13.8,3
m,52,13.8,3
m,53,13.7,3
m,54,13.7,3
m,55,13.7,3
m,56,13.7,3
m,57,13.7,3
m,58,13.7,3
m,59,13.7,3
m,60,13.7,3
m,61,13.7,3
m,62,13.7,3
m,63,13.7,3
m,64,13.7,3
m,65,13.7,3
m,66,13.7,3
m,67,13.7,3
m,68,13.7,3
m,69,13.7,3
m,70,13.7,3
m,71,13.7,3
m,72,13.7,3
m,73,13.7,3
m,74,13.7,3
m,75,13.7,3
m,76,13.7,3
m,77,13.7,3
m,78,13.7,3
m,79,13.7,3
m,80,13.7,3
m,81,13.7,3
m,82,13.7,3
m,83,13.7,3
m,84,13.7,3
m,85,13.7,3
m,86,13.7,3
m,87,13.7,3
m,88,13.8,3
m,89,13.8,3
m,90,13.8,3
m,91,13.8,3
m,92,13.8,3
m,93,13.8,3
m,94,13.8,3
m,95,13.8,3
m,96,13.8,3
m,97,13.9,3
m,98,13.9,3
m,99,13.9,3
m,100,13.9,3
m,101,13.9,3
m,102,13.9,3
m,103,14,3
m,104,14,3
m,105,14,3
m,106,14,3
m,107,14,3
m,108,14,3
m,109,14.1,3
m,110,14.1,3
m,111,14.1,3
m,112,14.1,3
m,113,14.1,3
m,114,14.2,3
m,115,14.2,3
m,116,14.2,3
m,117,14.2,3
m,118,14.2,3
m,119,14.3,3
m,120,14.3,3
m,121,14.3,3
m,122,14.3,3
m,123,14.4,3
m,124,14.4,3
m,125,14.4,3
m,126,14.4,3
m,127,14.5,3
m,128,14.5,3
m,129,14.5,3
m,130,14.6,3
m,131,14.6,3
m,132,14.6,3
m,133,14.6,3
m,134,14.7,3
m,135,14.7,3
m,136,14.7,3
m,137,14.8,3
m,138,14.8,3
m,139,14.8,3
m,140,14.9,3
m,141,14.9,3
m,142,14.9,3
m,143,15,3
m,144,15,3
m,145,15,3
m,146,15.1,3
m,147,15.1,3
m,148,15.2,3
m,149,15.2,3
m,150,15.2,3
m,151,15.3,3
m,152,15.3,3
m,153,15.3,3
m,154,15.4,3
m,155,15.4,3
m,156,15.5,3
m,157,15.5,3
m,158,15.5,3
m,159,15.6,3
m,160,15.6,3
m,161,15.7,3
m,162,15.7,3
m,163,15.8,3
m,164,15.8,3
m,165,15.9,3
m,166,15.9,3
m,167,15.9,3
m,168,16,3
m,169,16,3
m,170,16.1,3
m,171,16.1,3
m,172,16.2,3
m,173,16.2,3
m,174,16.3,3
m,175,16.3,3
m,176,16.3,3
m,177,16.4,3
m,178,16.4,3
m,179,16.5,3
m,180,16.5,3
m,181,16.6,3
m,182,16.6,3
m,183,16.6,3
m,184,16.7,3
m,185,16.7,3
m,186,16.8,3
m,187,16.8,3
m,188,16.8,3
m,189,16.9,3
m,190,16.9,3
m,191,17,3
m,192,17,3
m,193,17,3
m,194,17.1,3
m,195,17.1,3
m,196,17.1,3
m,197,17.2,3
m,198,17.2,3
m,199,17.2,3
m,200,17.2,3
m,201,17.3,3
m,202,17.3,3
m,203,17.3,3
m,204,17.4,3
m,205,17.4,3
m,206,17.4,3
m,207,17.5,3
m,208,17.5,3
m,209,17.5,3
m,210,17.5,3
m,211,17.6,3
m,212,17.6,3
m,213,17.6,3
m,214,17.7,3
m,215,17.7,3
m,216,17.7,3
m,217,17.7,3
m,218,17.8,3
m,219,17.8,3
m,220,17.8,3
m,221,17.9,3
m,222,17.9,3
m,223,17.9,3
m,224,17.9,3
m,225,18,3
m,226,18,3
m,227,18,3
f,24,13.5,3
f,25,13.4,3
f,26,13.4,3
f,27,13.4,3
f,28,13.4,3
f,29,13.4,3
f,30,13.3,3
f,31,13.3,3
f,32,13.3,3
f,33,13.3,3
f,34,13.2,3
f,35,13.2,3
f,36,13.6,3
f,37,13.6,3
f,38,13.6,3
f,39,13.6,3
f,40,13.6,3
f,41,13.6,3
f,42,13.6,3
f,43,13.6,3
f,44,13.6,3
f,45,13.6,3
f,46,13.6,3
f,47,13.6,3
f,48,13.6,3
f,49,13.6,3
f,50,13.5,3
f,51,13.5,3
f,52,13.5,3
f,53,13.5,3
f,54,13.5,3
f,55,13.5,3
f,56,13.5,3
f,57,13.5,3
f,58,13.5,3
f,59,13.5,3
f,60,13.5,3
f,61,13.5,3
f,62,13.5,3
f,63,13.5,3
f,64,13.5,3
f,65,13.4,3
f,66,13.4,3
f,67,13.4,3
f,68,13.4,3
f,69,13.4,3
f,70,13.4,3
f,71,13.4,3
f,72,13.4,3
f,73,13.4,3
f,74,13.4,3
f,75,13.4,3
f,76,13.4,3
f,77,13.4,3
f,78,13.4,3
f,79,13.4,3
f,80,13.4,3
f,81,13.4,3
f,82,13.4,3
f,83,13.4,3
f,84,13.4,3
f,85,13.4,3
f,86,13.4,3
f,87,13.4,3
f,88,13.4,3
f,89,13.4,3
f,90,13.5,3
f,91,13.5,3
f,92,13.5,3
f,93,13.5,3
f,94,13.5,3
f,95,13.5,3
f,96,13.5,3
f,97,13.5,3
f,98,13.5,3
f,99,13.6,3
f,100,13.6,3
f,101,13.6,3
f,102,13.6,3
f,103,13.6,3
f,104,13.6,3
f,105,13.6,3
f,106,13.7,3
f,107,13.7,3
f,108,13.7,3
f,109,13.7,3
f,110,13.7,3
f,111,13.8,3
f,112,13.8,3
f,113,13.8,3
f,114,13.8,3
f,115,13.8,3
f,116,13.9,3
f,117,13.9,3
f,118,13.9,3
f,119,13.9,3
f,120,14,3
f,121,14,3
f,122,14,3
f,123,14.1,3
f,124,14.1,3
f,125,14.1,3
f,126,14.1,3
f,127,14.2,3
f,128,14.2,3
f,129,14.2,3
f,130,14.3,3
f,131,14.3,3
f,132,14.3,3
f,133,14.4,3
f,134,14.4,3
f,135,14.4,3
f,136,14.5,3
f,137,14.5,3
f,138,14.6,3
f,139,14.6,3
f,140,14.6,3
f,141,14.7,3
f,142,14.7,3
f,143,14.8,3
f,144,14.8,3
f,145,14.9,3
f,146,14.9,3
f,147,15,3
f,148,15,3
f,149,15,3
f,150,15.1,3
f,151,15.1,3
f,152,15.2,3
f,153,15.2,3
f,154,15.3,3
f,155,15.3,3
f,156,15.4,3
f,157,15.4,3
f,158,15.5,3
f,159,15.5,3
f,160,15.6,3
f,161,15.6,3
f,162,15.7,3
f,163,15.7,3
f,164,15.8,3
f,165,15.8,3
f,166,15.8,3
f,167,15.9,3
f,168,15.9,3
f,169,16,3
f,170,16,3
f,171,16.1,3
f,172,16.1,3
f,173,16.2,3
f,174,16.2,3
f,175,16.2,3
f,176,16.3,3
f,177,16.3,3
f,178,16.4,3
f,179,16.4,3
f,180,16.4,3
f,181,16.5,3
f,182,16.5,3
f,183,16.5,3
f,184,16.6,3
f,185,16.6,3
f,186,16.6,3
f,187,16.7,3
f,188,16.7,3
f,189,16.7,3
f,190,16.8,3
f,191,16.8,3
f,192,16.8,3
f,193,16.8,3
f,194,16.9,3
f,195,16.9,3
f,196,16.9,3
f,197,16.9,3
f,198,16.9,3
f,199,16.9,3
f,200,17,3
f,201,17,3
f,202,17,3
f,203,17,3
f,204,17,3
f,205,17,3
f,206,17,3
f,207,17.1,3
f,208,17.1,3
f,209,17.1,3
f,210,17.1,3
f,211,17.1,3
f,212,17.1,3
f,213,17.1,3
f,214,17.1,3
f,215,17.1,3
f,216,17.2,3
f,217,17.2,3
f,218,17.2,3
f,219,17.2,3
f,220,17.2,3
f,221,17.2,3
f,222,17.2,3
f,223,17.2,3
f,224,17.2,3
f,225,17.2,3
f,226,17.2,3
f,227,17.2,3
m,24,14.2,5
m,25,14.1,5
m,26,14.1,5
m,27,14,5
m,28,14,5
m,29,14,5
m,30,13.9,5
m,31,13.9,5
m,32,13.9,5
m,33,13.8,5
m,34,13.8,5
m,35,13.8,5
m,36,14.1,5
m,37,14.1,5
m,38,14.1,5
m,39,14.1,5
m,40,14.1,5
m,41,14.1,5
m,42,14.1,5
m,43,14.1,5
m,44,14.1,5
m,45,14,5
m,46,14,5
m,47,14,5
m,48,14,5
m,49,14,5
m,50,14,5
m,51,14,5
m,52,14,5
m,53,14,5
m,54,14,5
m,55,14,5
m,56,14,5
m,57,14,5
m,58,14,5
m,59,14,5
m,60,14,5
m,61,14,5
m,62,14,5
m,63,14,5
m,64,14,5
m,65,13.9,5
m,66,13.9,5
m,67,13.9,5
m,68,13.9,5
m,69,13.9,5
m,70,13.9,5
m,71,13.9,5
m,72,13.9,5
m,73,13.9,5
m,74,13.9,5
m,75,13.9,5
m,76,13.9,5
m,77,14,5
m,78,14,5
m,79,14,5
m,80,14,5
m,81,14,5
m,82,14,5
m,83,14,5
m,84,14,5
m,85,14,5
m,86,14,5
m,87,14,5
m,88,14.1,5
m,89,14.1,5
m,90,14.1,5
m,91,14.1,5
m,92,14.1,5
m,93,14.1,5
m,94,14.1,5
m,95,14.2,5
m,96,14.2,5
m,97,14.2,5
m,98,14.2,5
m,99,14.2,5
m,100,14.3,5
m,101,14.3,5
m,102,14.3,5
m,103,14.3,5
m,104,14.3,5
m,105,14.4,5
m,106,14.4,5
m,107,14.4,5
m,108,14.4,5
m,109,14.5,5
m,110,14.5,5
m,111,14.5,5
m,112,14.5,5
m,113,14.6,5
m,114,14.6,5
m,115,14.6,5
m,116,14.6,5
m,117,14.7,5
m,118,14.7,5
m,119,14.7,5
m,120,14.7,5
m,121,14.8,5
m,122,14.8,5
m,123,14.8,5
m,124,14.9,5
m,125,14.9,5
m,126,14.9,5
m,127,15,5
m,128,15,5
m,129,15,5
m,130,15,5
m,131,15.1,5
m,132,15.1,5
m,133,15.1,5
m,134,15.2,5
m,135,15.2,5
m,136,15.3,5
m,137,15.3,5
m,138,15.3,5
m,139,15.4,5
m,140,15.4,5
m,141,15.4,5
m,142,15.5,5
m,143,15.5,5
m,144,15.5,5
m,145,15.6,5
m,146,15.6,5
m,147,15.7,5
m,148,15.7,5
m,149,15.7,5
m,150,15.8,5
m,151,15.8,5
m,152,15.8,5
m,153,15.9,5
m,154,15.9,5
m,155,16,5
m,156,16,5
m,157,16.1,5
m,158,16.1,5
m,159,16.1,5
m,160,16.2,5
m,161,16.2,5
m,162,16.3,5
m,163,16.3,5
m,164,16.3,5
m,165,16.4,5
m,166,16.4,5
m,167,16.5,5
m,168,16.5,5
m,169,16.6,5
m,170,16.6,5
m,171,16.7,5
m,172,16.7,5
m,173,16.7,5
m,174,16.8,5
m,175,16.8,5
m,176,16.9,5
m,177,16.9,5
m,178,17,5
m,179,17,5
m,180,17,5
m,181,17.1,5
m,182,17.1,5
m,183,17.2,5
m,184,17.2,5
m,185,17.2,5
m,186,17.3,5
m,187,17.3,5
m,188,17.4,5
m,189,17.4,5
m,190,17.4,5
m,191,17.5,5
m,192,17.5,5
m,193,17.5,5
m,194,17.6,5
m,195,17.6,5
m,196,17.6,5
m,197,17.7,5
m,198,17.7,5
m,199,17.7,5
m,200,17.8,5
m,201,17.8,5
m,202,17.8,5
m,203,17.9,5
m,204,17.9,5
m,205,17.9,5
m,206,18,5
m,207,18,5
m,208,18,5
m,209,18.1,5
m,210,18.1,5
m,211,18.1,5
m,212,18.1,5
m,213,18.2,5
m,214,18.2,5
m,215,18.2,5
m,216,18.3,5
m,217,18.3,5
m,218,18.3,5
m,219,18.3,5
m,220,18.4,5
m,221,18.4,5
m,222,18.4,5
m,223,18.5,5
m,224,18.5,5
m,225,18.5,5
m,226,18.5,5
m,227,18.6,5
f,24,13.7,5
f,25,13.7,5
f,26,13.7,5
f,27,13.7,5
f,28,13.6,5
f,29,13.6,5
f,30,13.6,5
f,31,13.6,5
f,32,13.5,5
f,33,13.5,5
f,34,13.5,5
f,35,13.5,5
f,36,13.9,5
f,37,13.9,5
f,38,13.9,5
f,39,13.9,5
f,40,13.9,5
f,41,13.9,5
f,42,13.9,5
f,43,13.9,5
f,44,13.8,5
f,45,13.8,5
f,46,13.8,5
f,47,13.8,5
f,48,13.8,5
f,49,13.8,5
f,50,13.8,5
f,51,13.8,5
f,52,13.8,5
f,53,13.8,5
f,54,13.8,5
f,55,13.8,5
f,56,13.8,5
f,57,13.8,5
f,58,13.7,5
f,59,13.7,5
f,60,13.7,5
f,61,13.7,5
f,62,13.7,5
f,63,13.7,5
f,64,13.7,5
f,65,13.7,5
f,66,13.7,5
f,67,13.7,5
f,68,13.7,5
f,69,13.7,5
f,70,13.7,5
f,71,13.7,5
f,72,13.7,5
f,73,13.7,5
f,74,13.7,5
f,75,13.7,5
f,76,13.7,5
f,77,13.7,5
f,78,13.7,5
f,79,13.7,5
f,80,13.7,5
f,81,13.7,5
f,82,13.7,5
f,83,13.7,5
f,84,13.7,5
f,85,13.7,5
f,86,13.7,5
f,87,13.7,5
f,88,13.7,5
f,89,13.8,5
f,90,13.8,5
f,91,13.8,5
f,92,13.8,5
f,93,13.8,5
f,94,13.8,5
f,95,13.8,5
f,96,13.8,5
f,97,13.9,5
f,98,13.9,5
f,99,13.9,5
f,100,13.9,5
f,101,13.9,5
f,102,14,5
f,103,14,5
f,104,14,5
f,105,14,5
f,106,14,5
f,107,14.1,5
f,108,14.1,5
f,109,14.1,5
f,110,14.1,5
f,111,14.2,5
f,112,14.2,5
f,113,14.2,5
f,114,14.2,5
f,115,14.2,5
f,116,14.3,5
f,117,14.3,5
f,118,14.3,5
f,119,14.3,5
f,120,14.4,5
f,121,14.4,5
f,122,14.4,5
f,123,14.5,5
f,124,14.5,5
f,125,14.5,5
f,126,14.6,5
f,127,14.6,5
f,128,14.6,5
f,129,14.7,5
f,130,14.7,5
f,131,14.7,5
f,132,14.8,5
f,133,14.8,5
f,134,14.9,5
f,135,14.9,5
f,136,14.9,5
f,137,15,5
f,138,15,5
f,139,15.1,5
f,140,15.1,5
f,141,15.2,5
f,142,15.2,5
f,143,15.2,5
f,144,15.3,5
f,145,15.3,5
f,146,15.4,5
f,147,15.4,5
f,148,15.5,5
f,149,15.5,5
f,150,15.6,5
f,151,15.6,5
f,152,15.7,5
f,153,15.7,5
f,154,15.8,5
f,155,15.8,5
f,156,15.9,5
f,157,15.9,5
f,158,16,5
f,159,16,5
f,160,16,5
f,161,16.1,5
f,162,16.1,5
f,163,16.2,5
f,164,16.2,5
f,165,16.3,5
f,166,16.3,5
f,167,16.4,5
f,168,16.4,5
f,169,16.5,5
f,170,16.5,5
f,171,16.6,5
f,172,16.6,5
f,173,16.6,5
f,174,16.7,5
f,175,16.7,5
f,176,16.8,5
f,177,16.8,5
f,178,16.9,5
f,179,16.9,5
f,180,16.9,5
f,181,17,5
f,182,17,5
f,183,17,5
f,184,17.1,5
f,185,17.1,5
f,186,17.1,5
f,187,17.2,5
f,188,17.2,5
f,189,17.2,5
f,190,17.3,5
f,191,17.3,5
f,192,17.3,5
f,193,17.3,5
f,194,17.3,5
f,195,17.4,5
f,196,17.4,5
f,197,17.4,5
f,198,17.4,5
f,199,17.4,5
f,200,17.4,5
f,201,17.4,5
f,202,17.5,5
f,203,17.5,5
f,204,17.5,5
f,205,17.5,5
f,206,17.5,5
f,207,17.5,5
f,208,17.5,5
f,209,17.5,5
f,210,17.5,5
f,211,17.5,5
f,212,17.6,5
f,213,17.6,5
f,214,17.6,5
f,215,17.6,5
f,216,17.6,5
f,217,17.6,5
f,218,17.6,5
f,219,17.6,5
f,220,17.6,5
f,221,17.6,5
f,222,17.6,5
f,223,17.6,5
f,224,17.6,5
f,225,17.6,5
f,226,17.6,5
f,227,17.7,5
m,24,14.5,10
m,25,14.5,10
m,26,14.5,10
m,27,14.4,10
m,28,14.4,10
m,29,14.4,10
m,30,14.3,10
m,31,14.3,10
m,32,14.2,10
m,33,14.2,10
m,34,14.2,10
m,35,14.1,10
m,36,14.5,10
m,37,14.5,10
m,38,14.5,10
m,39,14.5,10
m,40,14.5,10
m,41,14.5,10
m,42,14.5,10
m,43,14.5,10
m,44,14.5,10
m,45,14.5,10
m,46,14.5,10
m,47,14.4,10
m,48,14.4,10
m,49,14.4,10
m,50,14.4,10
m,51,14.4,10
m,52,14.4,10
m,53,14.4,10
m,54,14.4,10
m,55,14.4,10
m,56,14.4,10
m,57,14.4,10
m,58,14.4,10
m,59,14.4,10
m,60,14.4,10
m,61,14.4,10
m,62,14.4,10
m,63,14.4,10
m,64,14.4,10
m,65,14.4,10
m,66,14.3,10
m,67,14.3,10
m,68,14.3,10
m,69,14.3,10
m,70,14.3,10
m,71,14.3,10
m,72,14.3,10
m,73,14.4,10
m,74,14.4,10
m,75,14.4,10
m,76,14.4,10
m,77,14.4,10
m,78,14.4,10
m,79,14.4,10
m,80,14.4,10
m,81,14.4,10
m,82,14.4,10
m,83,14.4,10
m,84,14.5,10
m,85,14.5,10
m,86,14.5,10
m,87,14.5,10
m,88,14.5,10
m,89,14.6,10
m,90,14.6,10
m,91,14.6,10
m,92,14.6,10
m,93,14.6,10
m,94,14.7,10
m,95,14.7,10
m,96,14.7,10
m,97,14.7,10
m,98,14.8,10
m,99,14.8,10
m,100,14.8,10
m,101,14.9,10
m,102,14.9,10
m,103,14.9,10
m,104,14.9,10
m,105,15,10
m,106,15,10
m,107,15,10
m,108,15.1,10
m,109,15.1,10
m,110,15.1,10
m,111,15.2,10
m,112,15.2,10
m,113,15.2,10
m,114,15.3,10
m,115,15.3,10
m,116,15.3,10
m,117,15.4,10
m,118,15.4,10
m,119,15.4,10
m,120,15.5,10
m,121,15.5,10
m,122,15.5,10
m,123,15.6,10
m,124,15.6,10
m,125,15.7,10
m,126,15.7,10
m,127,15.7,10
m,128,15.8,10
m,129,15.8,10
m,130,15.8,10
m,131,15.9,10
m,132,15.9,10
m,133,16,10
m,134,16,10
m,135,16,10
m,136,16.1,10
m,137,16.1,10
m,138,16.2,10
m,139,16.2,10
m,140,16.2,10
m,141,16.3,10
m,142,16.3,10
m,143,16.4,10
m,144,16.4,10
m,145,16.4,10
m,146,16.5,10
m,147,16.5,10
m,148,16.6,10
m,149,16.6,10
m,150,16.6,10
m,151,16.7,10
m,152,16.7,10
m,153,16.8,10
m,154,16.8,10
m,155,16.8,10
m,156,16.9,10
m,157,16.9,10
m,158,17,10
m,159,17,10
m,160,17,10
m,161,17.1,10
m,162,17.1,10
m,163,17.2,10
m,164,17.2,10
m,165,17.3,10
m,166,17.3,10
m,167,17.3,10
m,168,17.4,10
m,169,17.4,10
m,170,17.5,10
m,171,17.5,10
m,172,17.5,10
m,173,17.6,10
m,174,17.6,10
m,175,17.7,10
m,176,17.7,10
m,177,17.8,10
m,178,17.8,10
m,179,17.8,10
m,180,17.9,10
m,181,17.9,10
m,182,18,10
m,183,18,10
m,184,18,10
m,185,18.1,10
m,186,18.1,10
m,187,18.2,10
m,188,18.2,10
m,189,18.2,10
m,190,18.3,10
m,191,18.3,10
m,192,18.3,10
m,193,18.4,10
m,194,18.4,10
m,195,18.4,10
m,196,18.5,10
m,197,18.5,10
m,198,18.5,10
m,199,18.6,10
m,200,18.6,10
m,201,18.6,10
m,202,18.7,10
m,203,18.7,10
m,204,18.7,10
m,205,18.8,10
m,206,18.8,10
m,207,18.8,10
m,208,18.9,10
m,209,18.9,10
m,210,18.9,10
m,211,19,10
m,212,19,10
m,213,19,10
m,214,19,10
m,215,19.1,10
m,216,19.1,10
m,217,19.1,10
m,218,19.2,10
m,219,19.2,10
m,220,19.2,10
m,221,19.3,10
m,222,19.3,10
m,223,19.3,10
m,224,19.3,10
m,225,19.4,10
m,226,19.4,10
m,227,19.4,10
f,24,14.1,10
f,25,14.1,10
f,26,14.1,10
f,27,14,10
f,28,14,10
f,29,14,10
f,30,14,10
f,31,14,10
f,32,13.9,10
f,33,13.9,10
f,34,13.9,10
f,35,13.9,10
f,36,14.3,10
f,37,14.3,10
f,38,14.3,10
f,39,14.3,10
f,40,14.3,10
f,41,14.3,10
f,42,14.3,10
f,43,14.3,10
f,44,14.3,10
f,45,14.3,10
f,46,14.2,10
f,47,14.2,10
f,48,14.2,10
f,49,14.2,10
f,50,14.2,10
f,51,14.2,10
f,52,14.2,10
f,53,14.2,10
f,54,14.2,10
f,55,14.2,10
f,56,14.2,10
f,57,14.2,10
f,58,14.2,10
f,59,14.1,10
f,60,14.1,10
f,61,14.1,10
f,62,14.1,10
f,63,14.1,10
f,64,14.1,10
f,65,14.1,10
f,66,14.1,10
f,67,14.1,10
f,68,14.1,10
f,69,14.1,10
f,70,14.1,10
f,71,14.1,10
f,72,14.1,10
f,73,14.1,10
f,74,14.1,10
f,75,14.1,10
f,76,14.1,10
f,77,14.1,10
f,78,14.1,10
f,79,14.1,10
f,80,14.1,10
f,81,14.1,10
f,82,14.1,10
f,83,14.1,10
f,84,14.2,10
f,85,14.2,10
f,86,14.2,10
f,87,14.2,10
f,88,14.2,10
f,89,14.2,10
f,90,14.3,10
f,91,14.3,10
f,92,14.3,10
f,93,14.3,10
f,94,14.3,10
f,95,14.3,10
f,96,14.4,10
f,97,14.4,10
f,98,14.4,10
f,99,14.4,10
f,100,14.5,10
f,101,14.5,10
f,102,14.5,10
f,103,14.6,10
f,104,14.6,10
f,105,14.6,10
f,106,14.6,10
f,107,14.7,10
f,108,14.7,10
f,109,14.7,10
f,110,14.7,10
f,111,14.8,10
f,112,14.8,10
f,113,14.8,10
f,114,14.9,10
f,115,14.9,10
f,116,14.9,10
f,117,15,10
f,118,15,10
f,119,15,10
f,120,15.1,10
f,121,15.1,10
f,122,15.1,10
f,123,15.2,10
f,124,15.2,10
f,125,15.2,10
f,126,15.3,10
f,127,15.3,10
f,128,15.4,10
f,129,15.4,10
f,130,15.4,10
f,131,15.5,10
f,132,15.5,10
f,133,15.6,10
f,134,15.6,10
f,135,15.6,10
f,136,15.7,10
f,137,15.7,10
f,138,15.8,10
f,139,15.8,10
f,140,15.9,10
f,141,15.9,10
f,142,16,10
f,143,16,10
f,144,16,10
f,145,16.1,10
f,146,16.1,10
f,147,16.2,10
f,148,16.2,10
f,149,16.3,10
f,150,16.3,10
f,151,16.4,10
f,152,16.4,10
f,153,16.5,10
f,154,16.5,10
f,155,16.6,10
f,156,16.6,10
f,157,16.7,10
f,158,16.7,10
f,159,16.8,10
f,160,16.8,10
f,161,16.9,10
f,162,16.9,10
f,163,17,10
f,164,17,10
f,165,17.1,10
f,166,17.1,10
f,167,17.2,10
f,168,17.2,10
f,169,17.3,10
f,170,17.3,10
f,171,17.3,10
f,172,17.4,10
f,173,17.4,10
f,174,17.5,10
f,175,17.5,10
f,176,17.6,10
f,177,17.6,10
f,178,17.6,10
f,179,17.7,10
f,180,17.7,10
f,181,17.8,10
f,182,17.8,10
f,183,17.8,10
f,184,17.8,10
f,185,17.9,10
f,186,17.9,10
f,187,17.9,10
f,188,18,10
f,189,18,10
f,190,18,10
f,191,18.1,10
f,192,18.1,10
f,193,18.1,10
f,194,18.1,10
f,195,18.1,10
f,196,18.1,10
f,197,18.1,10
f,198,18.1,10
f,199,18.2,10
f,200,18.2,10
f,201,18.2,10
f,202,18.2,10
f,203,18.2,10
f,204,18.2,10
f,205,18.2,10
f,206,18.2,10
f,207,18.2,10
f,208,18.2,10
f,209,18.2,10
f,210,18.2,10
f,211,18.3,10
f,212,18.3,10
f,213,18.3,10
f,214,18.3,10
f,215,18.3,10
f,216,18.3,10
f,217,18.3,10
f,218,18.3,10
f,219,18.3,10
f,220,18.3,10
f,221,18.3,10
f,222,18.3,10
f,223,18.3,10
f,224,18.3,10
f,225,18.3,10
f,226,18.3,10
f,227,18.3,10
m,24,14.8,15
m,25,14.8,15
m,26,14.7,15
m,27,14.7,15
m,28,14.7,15
m,29,14.6,15
m,30,14.6,15
m,31,14.5,15
m,32,14.5,15
m,33,14.5,15
m,34,14.4,15
m,35,14.4,15
m,36,14.8,15
m,37,14.8,15
m,38,14.8,15
m,39,14.8,15
m,40,14.8,15
m,41,14.8,15
m,42,14.8,15
m,43,14.8,15
m,44,14.7,15
m,45,14.7,15
m,46,14.7,15
m,47,14.7,15
m,48,14.7,15
m,49,14.7,15
m,50,14.7,15
m,51,14.7,15
m,52,14.7,15
m,53,14.7,15
m,54,14.7,15
m,55,14.7,15
m,56,14.7,15
m,57,14.7,15
m,58,14.7,15
m,59,14.7,15
m,60,14.6,15
m,61,14.6,15
m,62,14.6,15
m,63,14.6,15
m,64,14.6,15
m,65,14.6,15
m,66,14.6,15
m,67,14.6,15
m,68,14.6,15
m,69,14.6,15
m,70,14.6,15
m,71,14.6,15
m,72,14.6,15
m,73,14.6,15
m,74,14.7,15
m,75,14.7,15
m,76,14.7,15
m,77,14.7,15
m,78,14.7,15
m,79,14.7,15
m,80,14.7,15
m,81,14.7,15
m,82,14.8,15
m,83,14.8,15
m,84,14.8,15
m,85,14.8,15
m,86,14.8,15
m,87,14.9,15
m,88,14.9,15
m,89,14.9,15
m,90,14.9,15
m,91,15,15
m,92,15,15
m,93,15,15
m,94,15,15
m,95,15.1,15
m,96,15.1,15
m,97,15.1,15
m,98,15.2,15
m,99,15.2,15
m,100,15.2,15
m,101,15.3,15
m,102,15.3,15
m,103,15.3,15
m,104,15.4,15
m,105,15.4,15
m,106,15.4,15
m,107,15.5,15
m,108,15.5,15
m,109,15.5,15
m,110,15.6,15
m,111,15.6,15
m,112,15.7,15
m,113,15.7,15
m,114,15.7,15
m,115,15.8,15
m,116,15.8,15
m,117,15.9,15
m,118,15.9,15
m,119,15.9,15
m,120,16,15
m,121,16,15
m,122,16.1,15
m,123,16.1,15
m,124,16.2,15
m,125,16.2,15
m,126,16.2,15
m,127,16.3,15
m,128,16.3,15
m,129,16.4,15
m,130,16.4,15
m,131,16.4,15
m,132,16.5,15
m,133,16.5,15
m,134,16.6,15
m,135,16.6,15
m,136,16.7,15
m,137,16.7,15
m,138,16.8,15
m,139,16.8,15
m,140,16.8,15
m,141,16.9,15
m,142,16.9,15
m,143,17,15
m,144,17,15
m,145,17,15
m,146,17.1,15
m,147,17.1,15
m,148,17.2,15
m,149,17.2,15
m,150,17.3,15
m,151,17.3,15
m,152,17.3,15
m,153,17.4,15
m,154,17.4,15
m,155,17.5,15
m,156,17.5,15
m,157,17.5,15
m,158,17.6,15
m,159,17.6,15
m,160,17.7,15
m,161,17.7,15
m,162,17.7,15
m,163,17.8,15
m,164,17.8,15
m,165,17.9,15
m,166,17.9,15
m,167,17.9,15
m,168,18,15
m,169,18,15
m,170,18.1,15
m,171,18.1,15
m,172,18.1,15
m,173,18.2,15
m,174,18.2,15
m,175,18.3,15
m,176,18.3,15
m,177,18.4,15
m,178,18.4,15
m,179,18.4,15
m,180,18.5,15
m,181,18.5,15
m,182,18.6,15
m,183,18.6,15
m,184,18.6,15
m,185,18.7,15
m,186,18.7,15
m,187,18.7,15
m,188,18.8,15
m,189,18.8,15
m,190,18.9,15
m,191,18.9,15
m,192,18.9,15
m,193,19,15
m,194,19,15
m,195,19,15
m,196,19.1,15
m,197,19.1,15
m,198,19.1,15
m,199,19.2,15
m,200,19.2,15
m,201,19.2,15
m,202,19.3,15
m,203,19.3,15
m,204,19.3,15
m,205,19.4,15
m,206,19.4,15
m,207,19.4,15
m,208,19.4,15
m,209,19.5,15
m,210,19.5,15
m,211,19.5,15
m,212,19.6,15
m,213,19.6,15
m,214,19.6,15
m,215,19.7,15
m,216,19.7,15
m,217,19.7,15
m,218,19.8,15
m,219,19.8,15
m,220,19.8,15
m,221,19.8,15
m,222,19.9,15
m,223,19.9,15
m,224,19.9,15
m,225,20,15
m,226,20,15
m,227,20,15
f,24,14.4,15
f,25,14.4,15
f,26,14.4,15
f,27,14.3,15
f,28,14.3,15
f,29,14.3,15
f,30,14.3,15
f,31,14.2,15
f,32,14.2,15
f,33,14.2,15
f,34,14.2,15
f,35,14.1,15
f,36,14.6,15
f,37,14.6,15
f,38,14.6,15
f,39,14.6,15
f,40,14.6,15
f,41,14.6,15
f,42,14.6,15
f,43,14.6,15
f,44,14.5,15
f,45,14.5,15
f,46,14.5,15
f,47,14.5,15
f,48,14.5,15
f,49,14.5,15
f,50,14.5,15
f,51,14.5,15
f,52,14.5,15
f,53,14.5,15
f,54,14.5,15
f,55,14.5,15
f,56,14.4,15
f,57,14.4,15
f,58,14.4,15
f,59,14.4,15
f,60,14.4,15
f,61,14.4,15
f,62,14.4,15
f,63,14.4,15
f,64,14.4,15
f,65,14.4,15
f,66,14.4,15
f,67,14.4,15
f,68,14.4,15
f,69,14.4,15
f,70,14.4,15
f,71,14.4,15
f,72,14.4,15
f,73,14.4,15
f,74,14.4,15
f,75,14.4,15
f,76,14.4,15
f,77,14.4,15
f,78,14.4,15
f,79,14.4,15
f,80,14.5,15
f,81,14.5,15
f,82,14.5,15
f,83,14.5,15
f,84,14.5,15
f,85,14.5,15
f,86,14.5,15
f,87,14.6,15
f,88,14.6,15
f,89,14.6,15
f,90,14.6,15
f,91,14.6,15
f,92,14.7,15
f,93,14.7,15
f,94,14.7,15
f,95,14.7,15
f,96,14.8,15
f,97,14.8,15
f,98,14.8,15
f,99,14.8,15
f,100,14.9,15
f,101,14.9,15
f,102,14.9,15
f,103,15,15
f,104,15,15
f,105,15,15
f,106,15.1,15
f,107,15.1,15
f,108,15.1,15
f,109,15.2,15
f,110,15.2,15
f,111,15.2,15
f,112,15.3,15
f,113,15.3,15
f,114,15.3,15
f,115,15.4,15
f,116,15.4,15
f,117,15.4,15
f,118,15.5,15
f,119,15.5,15
f,120,15.5,15
f,121,15.6,15
f,122,15.6,15
f,123,15.7,15
f,124,15.7,15
f,125,15.7,15
f,126,15.8,15
f,127,15.8,15
f,128,15.9,15
f,129,15.9,15
f,130,15.9,15
f,131,16,15
f,132,16,15
f,133,16.1,15
f,134,16.1,15
f,135,16.2,15
f,136,16.2,15
f,137,16.3,15
f,138,16.3,15
f,139,16.4,15
f,140,16.4,15
f,141,16.4,15
f,142,16.5,15
f,143,16.5,15
f,144,16.6,15
f,145,16.6,15
f,146,16.7,15
f,147,16.7,15
f,148,16.8,15
f,149,16.8,15
f,150,16.9,15
f,151,16.9,15
f,152,17,15
f,153,17,15
f,154,17.1,15
f,155,17.1,15
f,156,17.2,15
f,157,17.2,15
f,158,17.3,15
f,159,17.3,15
f,160,17.4,15
f,161,17.4,15
f,162,17.5,15
f,163,17.5,15
f,164,17.6,15
f,165,17.6,15
f,166,17.7,15
f,167,17.7,15
f,168,17.8,15
f,169,17.8,15
f,170,17.8,15
f,171,17.9,15
f,172,17.9,15
f,173,18,15
f,174,18,15
f,175,18.1,15
f,176,18.1,15
f,177,18.1,15
f,178,18.2,15
f,179,18.2,15
f,180,18.3,15
f,181,18.3,15
f,182,18.3,15
f,183,18.4,15
f,184,18.4,15
f,185,18.4,15
f,186,18.4,15
f,187,18.5,15
f,188,18.5,15
f,189,18.5,15
f,190,18.6,15
f,191,18.6,15
f,192,18.6,15
f,193,18.6,15
f,194,18.6,15
f,195,18.6,15
f,196,18.6,15
f,197,18.7,15
f,198,18.7,15
f,199,18.7,15
f,200,18.7,15
f,201,18.7,15
f,202,18.7,15
f,203,18.7,15
f,204,18.7,15
f,205,18.7,15
f,206,18.7,15
f,207,18.7,15
f,208,18.7,15
f,209,18.7,15
f,210,18.7,15
f,211,18.7,15
f,212,18.8,15
f,213,18.8,15
f,214,18.8,15
f,215,18.8,15
f,216,18.8,15
f,217,18.8,15
f,218,18.8,15
f,219,18.8,15
f,220,18.8,15
f,221,18.8,15
f,222,18.8,15
f,223,18.8,15
f,224,18.8,15
f,225,18.8,15
f,226,18.8,15
f,227,18.8,15
m,24,15.2,25
m,25,15.2,25
m,26,15.1,25
m,27,15.1,25
m,28,15.1,25
m,29,15,25
m,30,15,25
m,31,15,25
m,32,14.9,25
m,33,14.9,25
m,34,14.9,25
m,35,14.8,25
m,36,15.2,25
m,37,15.2,25
m,38,15.2,25
m,39,15.2,25
m,40,15.2,25
m,41,15.2,25
m,42,15.2,25
m,43,15.2,25
m,44,15.2,25
m,45,15.1,25
m,46,15.1,25
m,47,15.1,25
m,48,15.1,25
m,49,15.1,25
m,50,15.1,25
m,51,15.1,25
m,52,15.1,25
m,53,15.1,25
m,54,15.1,25
m,55,15.1,25
m,56,15.1,25
m,57,15.1,25
m,58,15.1,25
m,59,15.1,25
m,60,15.1,25
m,61,15.1,25
m,62,15.1,25
m,63,15.1,25
m,64,15.1,25
m,65,15.1,25
m,66,15.1,25
m,67,15.1,25
m,68,15.1,25
m,69,15.1,25
m,70,15.1,25
m,71,15.1,25
m,72,15.1,25
m,73,15.1,25
m,74,15.1,25
m,75,15.1,25
m,76,15.2,25
m,77,15.2,25
m,78,15.2,25
m,79,15.2,25
m,80,15.2,25
m,81,15.2,25
m,82,15.3,25
m,83,15.3,25
m,84,15.3,25
m,85,15.3,25
m,86,15.4,25
m,87,15.4,25
m,88,15.4,25
m,89,15.5,25
m,90,15.5,25
m,91,15.5,25
m,92,15.6,25
m,93,15.6,25
m,94,15.6,25
m,95,15.6,25
m,96,15.7,25
m,97,15.7,25
m,98,15.8,25
m,99,15.8,25
m,100,15.9,25
m,101,15.9,25
m,102,15.9,25
m,103,16,25
m,104,16,25
m,105,16.1,25
m,106,16.1,25
m,107,16.2,25
m,108,16.2,25
m,109,16.3,25
m,110,16.3,25
m,111,16.3,25
m,112,16.4,25
m,113,16.4,25
m,114,16.5,25
m,115,16.5,25
m,116,16.6,25
m,117,16.6,25
m,118,16.7,25
m,119,16.7,25
m,120,16.8,25
m,121,16.8,25
m,122,16.9,25
m,123,16.9,25
m,124,17,25
m,125,17,25
m,126,17.1,25
m,127,17.1,25
m,128,17.2,25
m,129,17.2,25
m,130,17.3,25
m,131,17.3,25
m,132,17.4,25
m,133,17.4,25
m,134,17.5,25
m,135,17.5,25
m,136,17.6,25
m,137,17.6,25
m,138,17.7,25
m,139,17.7,25
m,140,17.8,25
m,141,17.8,25
m,142,17.8,25
m,143,17.9,25
m,144,17.9,25
m,145,18,25
m,146,18,25
m,147,18.1,25
m,148,18.1,25
m,149,18.1,25
m,150,18.2,25
m,151,18.2,25
m,152,18.3,25
m,153,18.3,25
m,154,18.4,25
m,155,18.4,25
m,156,18.4,25
m,157,18.5,25
m,158,18.5,25
m,159,18.6,25
m,160,18.6,25
m,161,18.6,25
m,162,18.7,25
m,163,18.7,25
m,164,18.8,25
m,165,18.8,25
m,166,18.8,25
m,167,18.9,25
m,168,18.9,25
m,169,19,25
m,170,19,25
m,171,19,25
m,172,19.1,25
m,173,19.1,25
m,174,19.1,25
m,175,19.2,25
m,176,19.2,25
m,177,19.3,25
m,178,19.3,25
m,179,19.3,25
m,180,19.4,25
m,181,19.4,25
m,182,19.5,25
m,183,19.5,25
m,184,19.5,25
m,185,19.6,25
m,186,19.6,25
m,187,19.6,25
m,188,19.7,25
m,189,19.7,25
m,190,19.7,25
m,191,19.8,25
m,192,19.8,25
m,193,19.8,25
m,194,19.9,25
m,195,19.9,25
m,196,19.9,25
m,197,20,25
m,198,20,25
m,199,20,25
m,200,20.1,25
m,201,20.1,25
m,202,20.1,25
m,203,20.2,25
m,204,20.2,25
m,205,20.2,25
m,206,20.3,25
m,207,20.3,25
m,208,20.3,25
m,209,20.4,25
m,210,20.4,25
m,211,20.4,25
m,212,20.5,25
m,213,20.5,25
m,214,20.5,25
m,215,20.6,25
m,216,20.6,25
m,217,20.6,25
m,218,20.6,25
m,219,20.7,25
m,220,20.7,25
m,221,20.7,25
m,222,20.8,25
m,223,20.8,25
m,224,20.8,25
m,225,20.9,25
m,226,20.9,25
m,227,20.9,25
f,24,14.8,25
f,25,14.8,25
f,26,14.8,25
f,27,14.8,25
f,28,14.7,25
f,29,14.7,25
f,30,14.7,25
f,31,14.7,25
f,32,14.6,25
f,33,14.6,25
f,34,14.6,25
f,35,14.6,25
f,36,15,25
f,37,15,25
f,38,15,25
f,39,15,25
f,40,15,25
f,41,15,25
f,42,15,25
f,43,15,25
f,44,15,25
f,45,14.9,25
f,46,14.9,25
f,47,14.9,25
f,48,14.9,25
f,49,14.9,25
f,50,14.9,25
f,51,14.9,25
f,52,14.9,25
f,53,14.9,25
f,54,14.9,25
f,55,14.9,25
f,56,14.9,25
f,57,14.9,25
f,58,14.9,25
f,59,14.9,25
f,60,14.9,25
f,61,14.9,25
f,62,14.9,25
f,63,14.9,25
f,64,14.9,25
f,65,14.8,25
f,66,14.8,25
f,67,14.8,25
f,68,14.8,25
f,69,14.8,25
f,70,14.8,25
f,71,14.8,25
f,72,14.8,25
f,73,14.9,25
f,74,14.9,25
f,75,14.9,25
f,76,14.9,25
f,77,14.9,25
f,78,14.9,25
f,79,14.9,25
f,80,15,25
f,81,15,25
f,82,15,25
f,83,15,25
f,84,15,25
f,85,15,25
f,86,15.1,25
f,87,15.1,25
f,88,15.1,25
f,89,15.2,25
f,90,15.2,25
f,91,15.2,25
f,92,15.2,25
f,93,15.3,25
f,94,15.3,25
f,95,15.3,25
f,96,15.3,25
f,97,15.4,25
f,98,15.4,25
f,99,15.5,25
f,100,15.5,25
f,101,15.5,25
f,102,15.6,25
f,103,15.6,25
f,104,15.6,25
f,105,15.7,25
f,106,15.7,25
f,107,15.8,25
f,108,15.8,25
f,109,15.8,25
f,110,15.9,25
f,111,15.9,25
f,112,16,25
f,113,16,25
f,114,16,25
f,115,16.1,25
f,116,16.1,25
f,117,16.2,25
f,118,16.2,25
f,119,16.2,25
f,120,16.3,25
f,121,16.3,25
f,122,16.4,25
f,123,16.4,25
f,124,16.5,25
f,125,16.5,25
f,126,16.6,25
f,127,16.6,25
f,128,16.7,25
f,129,16.7,25
f,130,16.7,25
f,131,16.8,25
f,132,16.8,25
f,133,16.9,25
f,134,16.9,25
f,135,17,25
f,136,17,25
f,137,17.1,25
f,138,17.1,25
f,139,17.2,25
f,140,17.2,25
f,141,17.3,25
f,142,17.3,25
f,143,17.4,25
f,144,17.4,25
f,145,17.5,25
f,146,17.5,25
f,147,17.6,25
f,148,17.6,25
f,149,17.7,25
f,150,17.7,25
f,151,17.8,25
f,152,17.8,25
f,153,17.9,25
f,154,17.9,25
f,155,18,25
f,156,18,25
f,157,18.1,25
f,158,18.1,25
f,159,18.2,25
f,160,18.2,25
f,161,18.3,25
f,162,18.3,25
f,163,18.4,25
f,164,18.4,25
f,165,18.5,25
f,166,18.5,25
f,167,18.6,25
f,168,18.6,25
f,169,18.6,25
f,170,18.7,25
f,171,18.7,25
f,172,18.8,25
f,173,18.8,25
f,174,18.9,25
f,175,18.9,25
f,176,18.9,25
f,177,19,25
f,178,19,25
f,179,19.1,25
f,180,19.1,25
f,181,19.1,25
f,182,19.2,25
f,183,19.2,25
f,184,19.2,25
f,185,19.2,25
f,186,19.3,25
f,187,19.3,25
f,188,19.3,25
f,189,19.4,25
f,190,19.4,25
f,191,19.4,25
f,192,19.4,25
f,193,19.4,25
f,194,19.4,25
f,195,19.4,25
f,196,19.5,25
f,197,19.5,25
f,198,19.5,25
f,199,19.5,25
f,200,19.5,25
f,201,19.5,25
f,202,19.5,25
f,203,19.5,25
f,204,19.5,25
f,205,19.5,25
f,206,19.5,25
f,207,19.5,25
f,208,19.5,25
f,209,19.5,25
f,210,19.5,25
f,211,19.5,25
f,212,19.5,25
f,213,19.5,25
f,214,19.5,25
f,215,19.5,25
f,216,19.5,25
f,217,19.5,25
f,218,19.5,25
f,219,19.5,25
f,220,19.5,25
f,221,19.5,25
f,222,19.5,25
f,223,19.5,25
f,224,19.5,25
f,225,19.5,25
f,226,19.5,25
f,227,19.5,25
m,24,16,50
m,25,16,50
m,26,15.9,50
m,27,15.9,50
m,28,15.9,50
m,29,15.8,50
m,30,15.8,50
m,31,15.8,50
m,32,15.7,50
m,33,15.7,50
m,34,15.7,50
m,35,15.6,50
m,36,15.9,50
m,37,15.9,50
m,38,15.9,50
m,39,15.9,50
m,40,15.9,50
m,41,15.9,50
m,42,15.9,50
m,43,15.9,50
m,44,15.9,50
m,45,15.9,50
m,46,15.9,50
m,47,15.9,50
m,48,15.9,50
m,49,15.9,50
m,50,15.9,50
m,51,15.9,50
m,52,15.9,50
m,53,15.9,50
m,54,15.9,50
m,55,15.9,50
m,56,15.9,50
m,57,15.9,50
m,58,15.9,50
m,59,15.9,50
m,60,15.9,50
m,61,15.9,50
m,62,15.9,50
m,63,15.9,50
m,64,15.9,50
m,65,15.9,50
m,66,16,50
m,67,16,50
m,68,16,50
m,69,16,50
m,70,16,50
m,71,16,50
m,72,16,50
m,73,16,50
m,74,16.1,50
m,75,16.1,50
m,76,16.1,50
m,77,16.2,50
m,78,16.2,50
m,79,16.2,50
m,80,16.2,50
m,81,16.3,50
m,82,16.3,50
m,83,16.3,50
m,84,16.4,50
m,85,16.4,50
m,86,16.5,50
m,87,16.5,50
m,88,16.5,50
m,89,16.6,50
m,90,16.6,50
m,91,16.7,50
m,92,16.7,50
m,93,16.8,50
m,94,16.8,50
m,95,16.9,50
m,96,16.9,50
m,97,17,50
m,98,17,50
m,99,17.1,50
m,100,17.2,50
m,101,17.2,50
m,102,17.3,50
m,103,17.3,50
m,104,17.4,50
m,105,17.4,50
m,106,17.5,50
m,107,17.6,50
m,108,17.6,50
m,109,17.7,50
m,110,17.8,50
m,111,17.8,50
m,112,17.9,50
m,113,17.9,50
m,114,18,50
m,115,18.1,50
m,116,18.1,50
m,117,18.2,50
m,118,18.3,50
m,119,18.3,50
m,120,18.4,50
m,121,18.4,50
m,122,18.5,50
m,123,18.6,50
m,124,18.6,50
m,125,18.7,50
m,126,18.8,50
m,127,18.8,50
m,128,18.9,50
m,129,19,50
m,130,19,50
m,131,19.1,50
m,132,19.1,50
m,133,19.2,50
m,134,19.2,50
m,135,19.3,50
m,136,19.4,50
m,137,19.4,50
m,138,19.5,50
m,139,19.5,50
m,140,19.6,50
m,141,19.6,50
m,142,19.7,50
m,143,19.8,50
m,144,19.8,50
m,145,19.8,50
m,146,19.9,50
m,147,19.9,50
m,148,20,50
m,149,20,50
m,150,20.1,50
m,151,20.1,50
m,152,20.1,50
m,153,20.2,50
m,154,20.2,50
m,155,20.3,50
m,156,20.3,50
m,157,20.4,50
m,158,20.4,50
m,159,20.4,50
m,160,20.5,50
m,161,20.5,50
m,162,20.5,50
m,163,20.6,50
m,164,20.6,50
m,165,20.7,50
m,166,20.7,50
m,167,20.7,50
m,168,20.8,50
m,169,20.8,50
m,170,20.8,50
m,171,20.9,50
m,172,20.9,50
m,173,20.9,50
m,174,21,50
m,175,21,50
m,176,21,50
m,177,21.1,50
m,178,21.1,50
m,179,21.1,50
m,180,21.2,50
m,181,21.2,50
m,182,21.2,50
m,183,21.3,50
m,184,21.3,50
m,185,21.3,50
m,186,21.4,50
m,187,21.4,50
m,188,21.4,50
m,189,21.5,50
m,190,21.5,50
m,191,21.5,50
m,192,21.6,50
m,193,21.6,50
m,194,21.6,50
m,195,21.7,50
m,196,21.7,50
m,197,21.7,50
m,198,21.8,50
m,199,21.8,50
m,200,21.8,50
m,201,21.9,50
m,202,21.9,50
m,203,21.9,50
m,204,21.9,50
m,205,22,50
m,206,22,50
m,207,22,50
m,208,22.1,50
m,209,22.1,50
m,210,22.1,50
m,211,22.2,50
m,212,22.2,50
m,213,22.2,50
m,214,22.2,50
m,215,22.3,50
m,216,22.3,50
m,217,22.3,50
m,218,22.4,50
m,219,22.4,50
m,220,22.4,50
m,221,22.4,50
m,222,22.5,50
m,223,22.5,50
m,224,22.5,50
m,225,22.6,50
m,226,22.6,50
m,227,22.6,50
f,24,15.7,50
f,25,15.7,50
f,26,15.6,50
f,27,15.6,50
f,28,15.6,50
f,29,15.6,50
f,30,15.5,50
f,31,15.5,50
f,32,15.5,50
f,33,15.5,50
f,34,15.4,50
f,35,15.4,50
f,36,15.8,50
f,37,15.8,50
f,38,15.8,50
f,39,15.7,50
f,40,15.7,50
f,41,15.7,50
f,42,15.7,50
f,43,15.7,50
f,44,15.7,50
f,45,15.7,50
f,46,15.7,50
f,47,15.7,50
f,48,15.7,50
f,49,15.7,50
f,50,15.7,50
f,51,15.7,50
f,52,15.7,50
f,53,15.7,50
f,54,15.7,50
f,55,15.7,50
f,56,15.7,50
f,57,15.7,50
f,58,15.7,50
f,59,15.7,50
f,60,15.7,50
f,61,15.7,50
f,62,15.7,50
f,63,15.7,50
f,64,15.7,50
f,65,15.7,50
f,66,15.8,50
f,67,15.8,50
f,68,15.8,50
f,69,15.8,50
f,70,15.8,50
f,71,15.8,50
f,72,15.8,50
f,73,15.8,50
f,74,15.8,50
f,75,15.9,50
f,76,15.9,50
f,77,15.9,50
f,78,15.9,50
f,79,16,50
f,80,16,50
f,81,16,50
f,82,16,50
f,83,16.1,50
f,84,16.1,50
f,85,16.1,50
f,86,16.2,50
f,87,16.2,50
f,88,16.3,50
f,89,16.3,50
f,90,16.3,50
f,91,16.4,50
f,92,16.4,50
f,93,16.5,50
f,94,16.5,50
f,95,16.5,50
f,96,16.6,50
f,97,16.6,50
f,98,16.7,50
f,99,16.7,50
f,100,16.8,50
f,101,16.8,50
f,102,16.9,50
f,103,16.9,50
f,104,17,50
f,105,17,50
f,106,17.1,50
f,107,17.1,50
f,108,17.2,50
f,109,17.2,50
f,110,17.3,50
f,111,17.3,50
f,112,17.4,50
f,113,17.4,50
f,114,17.5,50
f,115,17.6,50
f,116,17.6,50
f,117,17.7,50
f,118,17.7,50
f,119,17.8,50
f,120,17.8,50
f,121,17.9,50
f,122,17.9,50
f,123,18,50
f,124,18,50
f,125,18.1,50
f,126,18.1,50
f,127,18.2,50
f,128,18.3,50
f,129,18.3,50
f,130,18.4,50
f,131,18.4,50
f,132,18.5,50
f,133,18.5,50
f,134,18.6,50
f,135,18.6,50
f,136,18.7,50
f,137,18.7,50
f,138,18.8,50
f,139,18.8,50
f,140,18.9,50
f,141,19,50
f,142,19,50
f,143,19.1,50
f,144,19.1,50
f,145,19.2,50
f,146,19.2,50
f,147,19.3,50
f,148,19.3,50
f,149,19.4,50
f,150,19.4,50
f,151,19.5,50
f,152,19.5,50
f,153,19.6,50
f,154,19.6,50
f,155,19.7,50
f,156,19.7,50
f,157,19.8,50
f,158,19.8,50
f,159,19.9,50
f,160,19.9,50
f,161,20,50
f,162,20,50
f,163,20.1,50
f,164,20.1,50
f,165,20.2,50
f,166,20.2,50
f,167,20.3,50
f,168,20.3,50
f,169,20.3,50
f,170,20.4,50
f,171,20.4,50
f,172,20.5,50
f,173,20.5,50
f,174,20.5,50
f,175,20.6,50
f,176,20.6,50
f,177,20.7,50
f,178,20.7,50
f,179,20.7,50
f,180,20.8,50
f,181,20.8,50
f,182,20.8,50
f,183,20.8,50
f,184,20.9,50
f,185,20.9,50
f,186,20.9,50
f,187,20.9,50
f,188,21,50
f,189,21,50
f,190,21,50
f,191,21,50
f,192,21,50
f,193,21,50
f,194,21,50
f,195,21.1,50
f,196,21.1,50
f,197,21.1,50
f,198,21.1,50
f,199,21.1,50
f,200,21.1,50
f,201,21.1,50
f,202,21.1,50
f,203,21.1,50
f,204,21.1,50
f,205,21.1,50
f,206,21.1,50
f,207,21.1,50
f,208,21.1,50
f,209,21.1,50
f,210,21.1,50
f,211,21.1,50
f,212,21.1,50
f,213,21,50
f,214,21,50
f,215,21,50
f,216,21,50
f,217,21,50
f,218,21,50
f,219,21,50
f,220,21,50
f,221,21,50
f,222,21,50
f,223,21,50
f,224,21,50
f,225,21,50
f,226,21,50
f,227,21,50
m,24,16.9,75
m,25,16.9,75
m,26,16.8,75
m,27,16.8,75
m,28,16.7,75
m,29,16.7,75
m,30,16.7,75
m,31,16.6,75
m,32,16.6,75
m,33,16.6,75
m,34,16.5,75
m,35,16.5,75
m,36,16.6,75
m,37,16.7,75
m,38,16.7,75
m,39,16.7,75
m,40,16.7,75
m,41,16.7,75
m,42,16.7,75
m,43,16.7,75
m,44,16.7,75
m,45,16.7,75
m,46,16.7,75
m,47,16.7,75
m,48,16.7,75
m,49,16.7,75
m,50,16.7,75
m,51,16.8,75
m,52,16.8,75
m,53,16.8,75
m,54,16.8,75
m,55,16.8,75
m,56,16.8,75
m,57,16.8,75
m,58,16.8,75
m,59,16.8,75
m,60,16.8,75
m,61,16.8,75
m,62,16.9,75
m,63,16.9,75
m,64,16.9,75
m,65,16.9,75
m,66,16.9,75
m,67,16.9,75
m,68,17,75
m,69,17,75
m,70,17,75
m,71,17,75
m,72,17,75
m,73,17.1,75
m,74,17.1,75
m,75,17.2,75
m,76,17.2,75
m,77,17.2,75
m,78,17.3,75
m,79,17.3,75
m,80,17.4,75
m,81,17.4,75
m,82,17.5,75
m,83,17.5,75
m,84,17.6,75
m,85,17.6,75
m,86,17.7,75
m,87,17.8,75
m,88,17.8,75
m,89,17.9,75
m,90,17.9,75
m,91,18,75
m,92,18.1,75
m,93,18.1,75
m,94,18.2,75
m,95,18.2,75
m,96,18.3,75
m,97,18.4,75
m,98,18.5,75
m,99,18.5,75
m,100,18.6,75
m,101,18.7,75
m,102,18.8,75
m,103,18.9,75
m,104,18.9,75
m,105,19,75
m,106,19.1,75
m,107,19.2,75
m,108,19.2,75
m,109,19.3,75
m,110,19.4,75
m,111,19.5,75
m,112,19.6,75
m,113,19.6,75
m,114,19.7,75
m,115,19.8,75
m,116,19.9,75
m,117,19.9,75
m,118,20,75
m,119,20.1,75
m,120,20.2,75
m,121,20.3,75
m,122,20.3,75
m,123,20.4,75
m,124,20.5,75
m,125,20.6,75
m,126,20.6,75
m,127,20.7,75
m,128,20.8,75
m,129,20.9,75
m,130,20.9,75
m,131,21,75
m,132,21.1,75
m,133,21.1,75
m,134,21.2,75
m,135,21.3,75
m,136,21.3,75
m,137,21.4,75
m,138,21.5,75
m,139,21.5,75
m,140,21.6,75
m,141,21.7,75
m,142,21.7,75
m,143,21.8,75
m,144,21.8,75
m,145,21.9,75
m,146,21.9,75
m,147,22,75
m,148,22,75
m,149,22.1,75
m,150,22.1,75
m,151,22.2,75
m,152,22.2,75
m,153,22.2,75
m,154,22.3,75
m,155,22.3,75
m,156,22.4,75
m,157,22.4,75
m,158,22.4,75
m,159,22.5,75
m,160,22.5,75
m,161,22.5,75
m,162,22.6,75
m,163,22.6,75
m,164,22.7,75
m,165,22.7,75
m,166,22.7,75
m,167,22.8,75
m,168,22.8,75
m,169,22.8,75
m,170,22.8,75
m,171,22.9,75
m,172,22.9,75
m,173,22.9,75
m,174,23,75
m,175,23,75
m,176,23,75
m,177,23,75
m,178,23.1,75
m,179,23.1,75
m,180,23.1,75
m,181,23.2,75
m,182,23.2,75
m,183,23.2,75
m,184,23.2,75
m,185,23.3,75
m,186,23.3,75
m,187,23.3,75
m,188,23.3,75
m,189,23.4,75
m,190,23.4,75
m,191,23.4,75
m,192,23.5,75
m,193,23.5,75
m,194,23.5,75
m,195,23.5,75
m,196,23.6,75
m,197,23.6,75
m,198,23.6,75
m,199,23.6,75
m,200,23.7,75
m,201,23.7,75
m,202,23.7,75
m,203,23.8,75
m,204,23.8,75
m,205,23.8,75
m,206,23.8,75
m,207,23.9,75
m,208,23.9,75
m,209,23.9,75
m,210,23.9,75
m,211,24,75
m,212,24,75
m,213,24,75
m,214,24.1,75
m,215,24.1,75
m,216,24.1,75
m,217,24.1,75
m,218,24.2,75
m,219,24.2,75
m,220,24.2,75
m,221,24.2,75
m,222,24.3,75
m,223,24.3,75
m,224,24.3,75
m,225,24.3,75
m,226,24.4,75
m,227,24.4,75
f,24,16.6,75
f,25,16.6,75
f,26,16.6,75
f,27,16.5,75
f,28,16.5,75
f,29,16.5,75
f,30,16.5,75
f,31,16.4,75
f,32,16.4,75
f,33,16.4,75
f,34,16.4,75
f,35,16.3,75
f,36,16.5,75
f,37,16.5,75
f,38,16.5,75
f,39,16.5,75
f,40,16.5,75
f,41,16.5,75
f,42,16.5,75
f,43,16.5,75
f,44,16.5,75
f,45,16.5,75
f,46,16.5,75
f,47,16.6,75
f,48,16.6,75
f,49,16.6,75
f,50,16.6,75
f,51,16.6,75
f,52,16.6,75
f,53,16.6,75
f,54,16.6,75
f,55,16.6,75
f,56,16.6,75
f,57,16.7,75
f,58,16.7,75
f,59,16.7,75
f,60,16.7,75
f,61,16.7,75
f,62,16.7,75
f,63,16.7,75
f,64,16.7,75
f,65,16.8,75
f,66,16.8,75
f,67,16.8,75
f,68,16.8,75
f,69,16.8,75
f,70,16.8,75
f,71,16.8,75
f,72,16.9,75
f,73,16.9,75
f,74,16.9,75
f,75,17,75
f,76,17,75
f,77,17.1,75
f,78,17.1,75
f,79,17.1,75
f,80,17.2,75
f,81,17.2,75
f,82,17.3,75
f,83,17.3,75
f,84,17.3,75
f,85,17.4,75
f,86,17.5,75
f,87,17.5,75
f,88,17.6,75
f,89,17.6,75
f,90,17.7,75
f,91,17.7,75
f,92,17.8,75
f,93,17.8,75
f,94,17.9,75
f,95,17.9,75
f,96,18,75
f,97,18.1,75
f,98,18.1,75
f,99,18.2,75
f,100,18.3,75
f,101,18.3,75
f,102,18.4,75
f,103,18.4,75
f,104,18.5,75
f,105,18.6,75
f,106,18.6,75
f,107,18.7,75
f,108,18.8,75
f,109,18.8,75
f,110,18.9,75
f,111,19,75
f,112,19,75
f,113,19.1,75
f,114,19.2,75
f,115,19.2,75
f,116,19.3,75
f,117,19.3,75
f,118,19.4,75
f,119,19.5,75
f,120,19.5,75
f,121,19.6,75
f,122,19.7,75
f,123,19.7,75
f,124,19.8,75
f,125,19.9,75
f,126,19.9,75
f,127,20,75
f,128,20.1,75
f,129,20.1,75
f,130,20.2,75
f,131,20.2,75
f,132,20.3,75
f,133,20.4,75
f,134,20.4,75
f,135,20.5,75
f,136,20.5,75
f,137,20.6,75
f,138,20.7,75
f,139,20.7,75
f,140,20.8,75
f,141,20.8,75
f,142,20.9,75
f,143,21,75
f,144,21,75
f,145,21.1,75
f,146,21.1,75
f,147,21.2,75
f,148,21.2,75
f,149,21.3,75
f,150,21.3,75
f,151,21.4,75
f,152,21.4,75
f,153,21.5,75
f,154,21.5,75
f,155,21.6,75
f,156,21.6,75
f,157,21.7,75
f,158,21.7,75
f,159,21.8,75
f,160,21.8,75
f,161,21.9,75
f,162,21.9,75
f,163,22,75
f,164,22,75
f,165,22,75
f,166,22.1,75
f,167,22.1,75
f,168,22.2,75
f,169,22.2,75
f,170,22.2,75
f,171,22.3,75
f,172,22.3,75
f,173,22.3,75
f,174,22.4,75
f,175,22.4,75
f,176,22.4,75
f,177,22.5,75
f,178,22.5,75
f,179,22.6,75
f,180,22.6,75
f,181,22.6,75
f,182,22.6,75
f,183,22.6,75
f,184,22.7,75
f,185,22.7,75
f,186,22.7,75
f,187,22.7,75
f,188,22.7,75
f,189,22.7,75
f,190,22.8,75
f,191,22.8,75
f,192,22.8,75
f,193,22.8,75
f,194,22.8,75
f,195,22.8,75
f,196,22.8,75
f,197,22.8,75
f,198,22.8,75
f,199,22.8,75
f,200,22.8,75
f,201,22.8,75
f,202,22.8,75
f,203,22.8,75
f,204,22.8,75
f,205,22.8,75
f,206,22.8,75
f,207,22.8,75
f,208,22.8,75
f,209,22.8,75
f,210,22.8,75
f,211,22.7,75
f,212,22.7,75
f,213,22.7,75
f,214,22.7,75
f,215,22.7,75
f,216,22.7,75
f,217,22.7,75
f,218,22.7,75
f,219,22.7,75
f,220,22.7,75
f,221,22.7,75
f,222,22.7,75
f,223,22.7,75
f,224,22.7,75
f,225,22.7,75
f,226,22.6,75
f,227,22.6,75
m,24,17.4,85
m,25,17.4,85
m,26,17.3,85
m,27,17.3,85
m,28,17.2,85
m,29,17.2,85
m,30,17.2,85
m,31,17.1,85
m,32,17.1,85
m,33,17,85
m,34,17,85
m,35,17,85
m,36,17,85
m,37,17,85
m,38,17,85
m,39,17.1,85
m,40,17.1,85
m,41,17.1,85
m,42,17.1,85
m,43,17.1,85
m,44,17.1,85
m,45,17.1,85
m,46,17.1,85
m,47,17.2,85
m,48,17.2,85
m,49,17.2,85
m,50,17.2,85
m,51,17.2,85
m,52,17.2,85
m,53,17.2,85
m,54,17.3,85
m,55,17.3,85
m,56,17.3,85
m,57,17.3,85
m,58,17.3,85
m,59,17.3,85
m,60,17.4,85
m,61,17.4,85
m,62,17.4,85
m,63,17.4,85
m,64,17.4,85
m,65,17.5,85
m,66,17.5,85
m,67,17.5,85
m,68,17.5,85
m,69,17.5,85
m,70,17.6,85
m,71,17.6,85
m,72,17.6,85
m,73,17.7,85
m,74,17.7,85
m,75,17.8,85
m,76,17.8,85
m,77,17.9,85
m,78,18,85
m,79,18,85
m,80,18.1,85
m,81,18.1,85
m,82,18.2,85
m,83,18.2,85
m,84,18.3,85
m,85,18.4,85
m,86,18.4,85
m,87,18.5,85
m,88,18.6,85
m,89,18.6,85
m,90,18.7,85
m,91,18.8,85
m,92,18.9,85
m,93,18.9,85
m,94,19,85
m,95,19.1,85
m,96,19.2,85
m,97,19.2,85
m,98,19.3,85
m,99,19.4,85
m,100,19.5,85
m,101,19.6,85
m,102,19.7,85
m,103,19.8,85
m,104,19.8,85
m,105,19.9,85
m,106,20,85
m,107,20.1,85
m,108,20.2,85
m,109,20.3,85
m,110,20.4,85
m,111,20.5,85
m,112,20.5,85
m,113,20.6,85
m,114,20.7,85
m,115,20.8,85
m,116,20.9,85
m,117,21,85
m,118,21.1,85
m,119,21.1,85
m,120,21.2,85
m,121,21.3,85
m,122,21.4,85
m,123,21.5,85
m,124,21.6,85
m,125,21.6,85
m,126,21.7,85
m,127,21.8,85
m,128,21.9,85
m,129,22,85
m,130,22,85
m,131,22.1,85
m,132,22.2,85
m,133,22.3,85
m,134,22.3,85
m,135,22.4,85
m,136,22.5,85
m,137,22.5,85
m,138,22.6,85
m,139,22.7,85
m,140,22.7,85
m,141,22.8,85
m,142,22.9,85
m,143,22.9,85
m,144,23,85
m,145,23,85
m,146,23.1,85
m,147,23.1,85
m,148,23.2,85
m,149,23.2,85
m,150,23.3,85
m,151,23.3,85
m,152,23.4,85
m,153,23.4,85
m,154,23.5,85
m,155,23.5,85
m,156,23.6,85
m,157,23.6,85
m,158,23.6,85
m,159,23.7,85
m,160,23.7,85
m,161,23.7,85
m,162,23.8,85
m,163,23.8,85
m,164,23.8,85
m,165,23.9,85
m,166,23.9,85
m,167,23.9,85
m,168,23.9,85
m,169,24,85
m,170,24,85
m,171,24,85
m,172,24,85
m,173,24.1,85
m,174,24.1,85
m,175,24.1,85
m,176,24.1,85
m,177,24.2,85
m,178,24.2,85
m,179,24.2,85
m,180,24.2,85
m,181,24.3,85
m,182,24.3,85
m,183,24.3,85
m,184,24.3,85
m,185,24.4,85
m,186,24.4,85
m,187,24.4,85
m,188,24.4,85
m,189,24.5,85
m,190,24.5,85
m,191,24.5,85
m,192,24.5,85
m,193,24.6,85
m,194,24.6,85
m,195,24.6,85
m,196,24.6,85
m,197,24.7,85
m,198,24.7,85
m,199,24.7,85
m,200,24.7,85
m,201,24.7,85
m,202,24.8,85
m,203,24.8,85
m,204,24.8,85
m,205,24.8,85
m,206,24.9,85
m,207,24.9,85
m,208,24.9,85
m,209,24.9,85
m,210,25,85
m,211,25,85
m,212,25,85
m,213,25,85
m,214,25.1,85
m,215,25.1,85
m,216,25.1,85
m,217,25.1,85
m,218,25.2,85
m,219,25.2,85
m,220,25.2,85
m,221,25.2,85
m,222,25.2,85
m,223,25.3,85
m,224,25.3,85
m,225,25.3,85
m,226,25.3,85
m,227,25.4,85
f,24,17.2,85
f,25,17.1,85
f,26,17.1,85
f,27,17.1,85
f,28,17,85
f,29,17,85
f,30,17,85
f,31,17,85
f,32,16.9,85
f,33,16.9,85
f,34,16.9,85
f,35,16.9,85
f,36,16.8,85
f,37,16.8,85
f,38,16.9,85
f,39,16.9,85
f,40,16.9,85
f,41,16.9,85
f,42,16.9,85
f,43,16.9,85
f,44,17,85
f,45,17,85
f,46,17,85
f,47,17,85
f,48,17,85
f,49,17,85
f,50,17.1,85
f,51,17.1,85
f,52,17.1,85
f,53,17.1,85
f,54,17.1,85
f,55,17.1,85
f,56,17.2,85
f,57,17.2,85
f,58,17.2,85
f,59,17.2,85
f,60,17.2,85
f,61,17.3,85
f,62,17.3,85
f,63,17.3,85
f,64,17.3,85
f,65,17.3,85
f,66,17.4,85
f,67,17.4,85
f,68,17.4,85
f,69,17.4,85
f,70,17.4,85
f,71,17.5,85
f,72,17.5,85
f,73,17.6,85
f,74,17.6,85
f,75,17.7,85
f,76,17.7,85
f,77,17.7,85
f,78,17.8,85
f,79,17.8,85
f,80,17.9,85
f,81,17.9,85
f,82,18,85
f,83,18,85
f,84,18.1,85
f,85,18.2,85
f,86,18.2,85
f,87,18.3,85
f,88,18.3,85
f,89,18.4,85
f,90,18.5,85
f,91,18.5,85
f,92,18.6,85
f,93,18.7,85
f,94,18.7,85
f,95,18.8,85
f,96,18.8,85
f,97,18.9,85
f,98,19,85
f,99,19.1,85
f,100,19.1,85
f,101,19.2,85
f,102,19.3,85
f,103,19.3,85
f,104,19.4,85
f,105,19.5,85
f,106,19.6,85
f,107,19.6,85
f,108,19.7,85
f,109,19.8,85
f,110,19.8,85
f,111,19.9,85
f,112,20,85
f,113,20.1,85
f,114,20.1,85
f,115,20.2,85
f,116,20.3,85
f,117,20.3,85
f,118,20.4,85
f,119,20.5,85
f,120,20.6,85
f,121,20.6,85
f,122,20.7,85
f,123,20.8,85
f,124,20.8,85
f,125,20.9,85
f,126,21,85
f,127,21,85
f,128,21.1,85
f,129,21.2,85
f,130,21.2,85
f,131,21.3,85
f,132,21.4,85
f,133,21.4,85
f,134,21.5,85
f,135,21.6,85
f,136,21.6,85
f,137,21.7,85
f,138,21.8,85
f,139,21.8,85
f,140,21.9,85
f,141,21.9,85
f,142,22,85
f,143,22.1,85
f,144,22.1,85
f,145,22.2,85
f,146,22.2,85
f,147,22.3,85
f,148,22.3,85
f,149,22.4,85
f,150,22.4,85
f,151,22.5,85
f,152,22.5,85
f,153,22.6,85
f,154,22.7,85
f,155,22.7,85
f,156,22.8,85
f,157,22.8,85
f,158,22.8,85
f,159,22.9,85
f,160,22.9,85
f,161,23,85
f,162,23,85
f,163,23,85
f,164,23.1,85
f,165,23.1,85
f,166,23.2,85
f,167,23.2,85
f,168,23.3,85
f,169,23.3,85
f,170,23.3,85
f,171,23.3,85
f,172,23.4,85
f,173,23.4,85
f,174,23.4,85
f,175,23.5,85
f,176,23.5,85
f,177,23.5,85
f,178,23.6,85
f,179,23.6,85
f,180,23.6,85
f,181,23.6,85
f,182,23.6,85
f,183,23.7,85
f,184,23.7,85
f,185,23.7,85
f,186,23.7,85
f,187,23.7,85
f,188,23.7,85
f,189,23.7,85
f,190,23.8,85
f,191,23.8,85
f,192,23.8,85
f,193,23.8,85
f,194,23.8,85
f,195,23.8,85
f,196,23.8,85
f,197,23.8,85
f,198,23.8,85
f,199,23.8,85
f,200,23.8,85
f,201,23.8,85
f,202,23.8,85
f,203,23.8,85
f,204,23.8,85
f,205,23.8,85
f,206,23.8,85
f,207,23.8,85
f,208,23.7,85
f,209,23.7,85
f,210,23.7,85
f,211,23.7,85
f,212,23.7,85
f,213,23.7,85
f,214,23.7,85
f,215,23.7,85
f,216,23.7,85
f,217,23.7,85
f,218,23.7,85
f,219,23.7,85
f,220,23.7,85
f,221,23.7,85
f,222,23.7,85
f,223,23.6,85
f,224,23.6,85
f,225,23.6,85
f,226,23.6,85
f,227,23.6,85
m,24,17.8,90
m,25,17.7,90
m,26,17.7,90
m,27,17.6,90
m,28,17.6,90
m,29,17.5,90
m,30,17.5,90
m,31,17.5,90
m,32,17.4,90
m,33,17.4,90
m,34,17.4,90
m,35,17.3,90
m,36,17.3,90
m,37,17.3,90
m,38,17.3,90
m,39,17.3,90
m,40,17.3,90
m,41,17.3,90
m,42,17.4,90
m,43,17.4,90
m,44,17.4,90
m,45,17.4,90
m,46,17.4,90
m,47,17.4,90
m,48,17.5,90
m,49,17.5,90
m,50,17.5,90
m,51,17.5,90
m,52,17.6,90
m,53,17.6,90
m,54,17.6,90
m,55,17.6,90
m,56,17.6,90
m,57,17.7,90
m,58,17.7,90
m,59,17.7,90
m,60,17.7,90
m,61,17.7,90
m,62,17.8,90
m,63,17.8,90
m,64,17.8,90
m,65,17.9,90
m,66,17.9,90
m,67,17.9,90
m,68,17.9,90
m,69,18,90
m,70,18,90
m,71,18,90
m,72,18.1,90
m,73,18.1,90
m,74,18.2,90
m,75,18.2,90
m,76,18.3,90
m,77,18.4,90
m,78,18.4,90
m,79,18.5,90
m,80,18.5,90
m,81,18.6,90
m,82,18.7,90
m,83,18.7,90
m,84,18.8,90
m,85,18.9,90
m,86,19,90
m,87,19,90
m,88,19.1,90
m,89,19.2,90
m,90,19.3,90
m,91,19.4,90
m,92,19.4,90
m,93,19.5,90
m,94,19.6,90
m,95,19.7,90
m,96,19.8,90
m,97,19.9,90
m,98,20,90
m,99,20,90
m,100,20.1,90
m,101,20.2,90
m,102,20.3,90
m,103,20.4,90
m,104,20.5,90
m,105,20.6,90
m,106,20.7,90
m,107,20.8,90
m,108,20.9,90
m,109,21,90
m,110,21.1,90
m,111,21.2,90
m,112,21.2,90
m,113,21.3,90
m,114,21.4,90
m,115,21.5,90
m,116,21.6,90
m,117,21.7,90
m,118,21.8,90
m,119,21.9,90
m,120,22,90
m,121,22.1,90
m,122,22.1,90
m,123,22.2,90
m,124,22.3,90
m,125,22.4,90
m,126,22.5,90
m,127,22.6,90
m,128,22.7,90
m,129,22.7,90
m,130,22.8,90
m,131,22.9,90
m,132,23,90
m,133,23.1,90
m,134,23.1,90
m,135,23.2,90
m,136,23.3,90
m,137,23.3,90
m,138,23.4,90
m,139,23.5,90
m,140,23.5,90
m,141,23.6,90
m,142,23.7,90
m,143,23.8,90
m,144,23.8,90
m,145,23.9,90
m,146,23.9,90
m,147,24,90
m,148,24,90
m,149,24.1,90
m,150,24.1,90
m,151,24.2,90
m,152,24.2,90
m,153,24.3,90
m,154,24.3,90
m,155,24.4,90
m,156,24.4,90
m,157,24.4,90
m,158,24.4,90
m,159,24.5,90
m,160,24.5,90
m,161,24.5,90
m,162,24.6,90
m,163,24.6,90
m,164,24.6,90
m,165,24.7,90
m,166,24.7,90
m,167,24.7,90
m,168,24.8,90
m,169,24.8,90
m,170,24.8,90
m,171,24.8,90
m,172,24.8,90
m,173,24.9,90
m,174,24.9,90
m,175,24.9,90
m,176,24.9,90
m,177,25,90
m,178,25,90
m,179,25,90
m,180,25,90
m,181,25,90
m,182,25.1,90
m,183,25.1,90
m,184,25.1,90
m,185,25.1,90
m,186,25.1,90
m,187,25.2,90
m,188,25.2,90
m,189,25.2,90
m,190,25.2,90
m,191,25.3,90
m,192,25.3,90
m,193,25.3,90
m,194,25.3,90
m,195,25.3,90
m,196,25.4,90
m,197,25.4,90
m,198,25.4,90
m,199,25.4,90
m,200,25.5,90
m,201,25.5,90
m,202,25.5,90
m,203,25.5,90
m,204,25.5,90
m,205,25.6,90
m,206,25.6,90
m,207,25.6,90
m,208,25.6,90
m,209,25.7,90
m,210,25.7,90
m,211,25.7,90
m,212,25.7,90
m,213,25.7,90
m,214,25.8,90
m,215,25.8,90
m,216,25.8,90
m,217,25.8,90
m,218,25.8,90
m,219,25.9,90
m,220,25.9,90
m,221,25.9,90
m,222,25.9,90
m,223,26,90
m,224,26,90
m,225,26,90
m,226,26,90
m,227,26,90
f,24,17.5,90
f,25,17.5,90
f,26,17.5,90
f,27,17.4,90
f,28,17.4,90
f,29,17.4,90
f,30,17.4,90
f,31,17.3,90
f,32,17.3,90
f,33,17.3,90
f,34,17.3,90
f,35,17.3,90
f,36,17.1,90
f,37,17.1,90
f,38,17.1,90
f,39,17.1,90
f,40,17.2,90
f,41,17.2,90
f,42,17.2,90
f,43,17.2,90
f,44,17.3,90
f,45,17.3,90
f,46,17.3,90
f,47,17.3,90
f,48,17.3,90
f,49,17.4,90
f,50,17.4,90
f,51,17.4,90
f,52,17.4,90
f,53,17.5,90
f,54,17.5,90
f,55,17.5,90
f,56,17.5,90
f,57,17.5,90
f,58,17.6,90
f,59,17.6,90
f,60,17.6,90
f,61,17.6,90
f,62,17.7,90
f,63,17.7,90
f,64,17.7,90
f,65,17.8,90
f,66,17.8,90
f,67,17.8,90
f,68,17.8,90
f,69,17.9,90
f,70,17.9,90
f,71,17.9,90
f,72,18,90
f,73,18,90
f,74,18.1,90
f,75,18.1,90
f,76,18.2,90
f,77,18.2,90
f,78,18.3,90
f,79,18.4,90
f,80,18.4,90
f,81,18.5,90
f,82,18.5,90
f,83,18.6,90
f,84,18.6,90
f,85,18.7,90
f,86,18.8,90
f,87,18.8,90
f,88,18.9,90
f,89,19,90
f,90,19,90
f,91,19.1,90
f,92,19.2,90
f,93,19.3,90
f,94,19.3,90
f,95,19.4,90
f,96,19.5,90
f,97,19.5,90
f,98,19.6,90
f,99,19.7,90
f,100,19.8,90
f,101,19.8,90
f,102,19.9,90
f,103,20,90
f,104,20.1,90
f,105,20.2,90
f,106,20.2,90
f,107,20.3,90
f,108,20.4,90
f,109,20.5,90
f,110,20.5,90
f,111,20.6,90
f,112,20.7,90
f,113,20.8,90
f,114,20.8,90
f,115,20.9,90
f,116,21,90
f,117,21.1,90
f,118,21.1,90
f,119,21.2,90
f,120,21.3,90
f,121,21.4,90
f,122,21.4,90
f,123,21.5,90
f,124,21.6,90
f,125,21.6,90
f,126,21.7,90
f,127,21.8,90
f,128,21.9,90
f,129,21.9,90
f,130,22,90
f,131,22.1,90
f,132,22.1,90
f,133,22.2,90
f,134,22.3,90
f,135,22.3,90
f,136,22.4,90
f,137,22.5,90
f,138,22.5,90
f,139,22.6,90
f,140,22.7,90
f,141,22.7,90
f,142,22.8,90
f,143,22.9,90
f,144,22.9,90
f,145,23,90
f,146,23,90
f,147,23.1,90
f,148,23.1,90
f,149,23.2,90
f,150,23.2,90
f,151,23.3,90
f,152,23.3,90
f,153,23.4,90
f,154,23.4,90
f,155,23.5,90
f,156,23.5,90
f,157,23.6,90
f,158,23.6,90
f,159,23.7,90
f,160,23.7,90
f,161,23.7,90
f,162,23.8,90
f,163,23.8,90
f,164,23.9,90
f,165,23.9,90
f,166,23.9,90
f,167,24,90
f,168,24,90
f,169,24,90
f,170,24.1,90
f,171,24.1,90
f,172,24.1,90
f,173,24.1,90
f,174,24.2,90
f,175,24.2,90
f,176,24.2,90
f,177,24.3,90
f,178,24.3,90
f,179,24.3,90
f,180,24.3,90
f,181,24.3,90
f,182,24.4,90
f,183,24.4,90
f,184,24.4,90
f,185,24.4,90
f,186,24.4,90
f,187,24.4,90
f,188,24.4,90
f,189,24.4,90
f,190,24.5,90
f,191,24.5,90
f,192,24.5,90
f,193,24.5,90
f,194,24.5,90
f,195,24.5,90
f,196,24.5,90
f,197,24.5,90
f,198,24.5,90
f,199,24.5,90
f,200,24.5,90
f,201,24.5,90
f,202,24.5,90
f,203,24.5,90
f,204,24.5,90
f,205,24.5,90
f,206,24.4,90
f,207,24.4,90
f,208,24.4,90
f,209,24.4,90
f,210,24.4,90
f,211,24.4,90
f,212,24.4,90
f,213,24.4,90
f,214,24.4,90
f,215,24.4,90
f,216,24.4,90
f,217,24.4,90
f,218,24.4,90
f,219,24.4,90
f,220,24.4,90
f,221,24.4,90
f,222,24.4,90
f,223,24.4,90
f,224,24.3,90
f,225,24.3,90
f,226,24.3,90
f,227,24.3,90
m,24,18.3,95
m,25,18.3,95
m,26,18.2,95
m,27,18.2,95
m,28,18.1,95
m,29,18.1,95
m,30,18,95
m,31,18,95
m,32,18,95
m,33,17.9,95
m,34,17.9,95
m,35,17.9,95
m,36,17.6,95
m,37,17.6,95
m,38,17.7,95
m,39,17.7,95
m,40,17.7,95
m,41,17.7,95
m,42,17.8,95
m,43,17.8,95
m,44,17.8,95
m,45,17.8,95
m,46,17.9,95
m,47,17.9,95
m,48,17.9,95
m,49,18,95
m,50,18,95
m,51,18,95
m,52,18,95
m,53,18.1,95
m,54,18.1,95
m,55,18.1,95
m,56,18.2,95
m,57,18.2,95
m,58,18.2,95
m,59,18.2,95
m,60,18.3,95
m,61,18.3,95
m,62,18.4,95
m,63,18.4,95
m,64,18.4,95
m,65,18.5,95
m,66,18.5,95
m,67,18.5,95
m,68,18.6,95
m,69,18.6,95
m,70,18.6,95
m,71,18.7,95
m,72,18.8,95
m,73,18.8,95
m,74,18.9,95
m,75,19,95
m,76,19,95
m,77,19.1,95
m,78,19.2,95
m,79,19.2,95
m,80,19.3,95
m,81,19.4,95
m,82,19.5,95
m,83,19.5,95
m,84,19.6,95
m,85,19.7,95
m,86,19.8,95
m,87,19.9,95
m,88,20,95
m,89,20.1,95
m,90,20.2,95
m,91,20.3,95
m,92,20.4,95
m,93,20.5,95
m,94,20.5,95
m,95,20.6,95
m,96,20.7,95
m,97,20.8,95
m,98,20.9,95
m,99,21,95
m,100,21.1,95
m,101,21.2,95
m,102,21.3,95
m,103,21.5,95
m,104,21.6,95
m,105,21.7,95
m,106,21.8,95
m,107,21.9,95
m,108,22,95
m,109,22.1,95
m,110,22.2,95
m,111,22.3,95
m,112,22.4,95
m,113,22.5,95
m,114,22.6,95
m,115,22.7,95
m,116,22.8,95
m,117,22.9,95
m,118,23,95
m,119,23.1,95
m,120,23.1,95
m,121,23.2,95
m,122,23.3,95
m,123,23.4,95
m,124,23.5,95
m,125,23.6,95
m,126,23.7,95
m,127,23.8,95
m,128,23.9,95
m,129,24,95
m,130,24,95
m,131,24.1,95
m,132,24.2,95
m,133,24.3,95
m,134,24.4,95
m,135,24.4,95
m,136,24.5,95
m,137,24.6,95
m,138,24.7,95
m,139,24.7,95
m,140,24.8,95
m,141,24.9,95
m,142,24.9,95
m,143,25,95
m,144,25.1,95
m,145,25.1,95
m,146,25.2,95
m,147,25.2,95
m,148,25.3,95
m,149,25.3,95
m,150,25.4,95
m,151,25.4,95
m,152,25.5,95
m,153,25.5,95
m,154,25.6,95
m,155,25.6,95
m,156,25.7,95
m,157,25.7,95
m,158,25.7,95
m,159,25.8,95
m,160,25.8,95
m,161,25.8,95
m,162,25.8,95
m,163,25.9,95
m,164,25.9,95
m,165,25.9,95
m,166,26,95
m,167,26,95
m,168,26,95
m,169,26,95
m,170,26.1,95
m,171,26.1,95
m,172,26.1,95
m,173,26.1,95
m,174,26.1,95
m,175,26.1,95
m,176,26.2,95
m,177,26.2,95
m,178,26.2,95
m,179,26.2,95
m,180,26.2,95
m,181,26.2,95
m,182,26.3,95
m,183,26.3,95
m,184,26.3,95
m,185,26.3,95
m,186,26.3,95
m,187,26.3,95
m,188,26.4,95
m,189,26.4,95
m,190,26.4,95
m,191,26.4,95
m,192,26.4,95
m,193,26.4,95
m,194,26.5,95
m,195,26.5,95
m,196,26.5,95
m,197,26.5,95
m,198,26.5,95
m,199,26.6,95
m,200,26.6,95
m,201,26.6,95
m,202,26.6,95
m,203,26.6,95
m,204,26.6,95
m,205,26.7,95
m,206,26.7,95
m,207,26.7,95
m,208,26.7,95
m,209,26.7,95
m,210,26.7,95
m,211,26.8,95
m,212,26.8,95
m,213,26.8,95
m,214,26.8,95
m,215,26.8,95
m,216,26.9,95
m,217,26.9,95
m,218,26.9,95
m,219,26.9,95
m,220,26.9,95
m,221,26.9,95
m,222,27,95
m,223,27,95
m,224,27,95
m,225,27,95
m,226,27,95
m,227,27,95
f,24,18.1,95
f,25,18.1,95
f,26,18.1,95
f,27,18,95
f,28,18,95
f,29,18,95
f,30,17.9,95
f,31,17.9,95
f,32,17.9,95
f,33,17.9,95
f,34,17.9,95
f,35,17.8,95
f,36,17.4,95
f,37,17.5,95
f,38,17.5,95
f,39,17.5,95
f,40,17.6,95
f,41,17.6,95
f,42,17.6,95
f,43,17.7,95
f,44,17.7,95
f,45,17.7,95
f,46,17.7,95
f,47,17.8,95
f,48,17.8,95
f,49,17.8,95
f,50,17.9,95
f,51,17.9,95
f,52,17.9,95
f,53,18,95
f,54,18,95
f,55,18,95
f,56,18.1,95
f,57,18.1,95
f,58,18.1,95
f,59,18.2,95
f,60,18.2,95
f,61,18.3,95
f,62,18.3,95
f,63,18.3,95
f,64,18.4,95
f,65,18.4,95
f,66,18.4,95
f,67,18.5,95
f,68,18.5,95
f,69,18.6,95
f,70,18.6,95
f,71,18.6,95
f,72,18.7,95
f,73,18.8,95
f,74,18.8,95
f,75,18.9,95
f,76,19,95
f,77,19,95
f,78,19.1,95
f,79,19.2,95
f,80,19.2,95
f,81,19.3,95
f,82,19.4,95
f,83,19.4,95
f,84,19.5,95
f,85,19.6,95
f,86,19.7,95
f,87,19.7,95
f,88,19.8,95
f,89,19.9,95
f,90,20,95
f,91,20.1,95
f,92,20.1,95
f,93,20.2,95
f,94,20.3,95
f,95,20.4,95
f,96,20.4,95
f,97,20.5,95
f,98,20.6,95
f,99,20.7,95
f,100,20.8,95
f,101,20.9,95
f,102,21,95
f,103,21,95
f,104,21.1,95
f,105,21.2,95
f,106,21.3,95
f,107,21.4,95
f,108,21.5,95
f,109,21.5,95
f,110,21.6,95
f,111,21.7,95
f,112,21.8,95
f,113,21.9,95
f,114,21.9,95
f,115,22,95
f,116,22.1,95
f,117,22.2,95
f,118,22.3,95
f,119,22.4,95
f,120,22.4,95
f,121,22.5,95
f,122,22.6,95
f,123,22.7,95
f,124,22.7,95
f,125,22.8,95
f,126,22.9,95
f,127,23,95
f,128,23,95
f,129,23.1,95
f,130,23.2,95
f,131,23.3,95
f,132,23.3,95
f,133,23.4,95
f,134,23.5,95
f,135,23.5,95
f,136,23.6,95
f,137,23.7,95
f,138,23.7,95
f,139,23.8,95
f,140,23.9,95
f,141,23.9,95
f,142,24,95
f,143,24.1,95
f,144,24.1,95
f,145,24.2,95
f,146,24.2,95
f,147,24.3,95
f,148,24.4,95
f,149,24.4,95
f,150,24.5,95
f,151,24.5,95
f,152,24.6,95
f,153,24.6,95
f,154,24.7,95
f,155,24.7,95
f,156,24.8,95
f,157,24.8,95
f,158,24.8,95
f,159,24.9,95
f,160,24.9,95
f,161,25,95
f,162,25,95
f,163,25,95
f,164,25.1,95
f,165,25.1,95
f,166,25.1,95
f,167,25.2,95
f,168,25.2,95
f,169,25.2,95
f,170,25.2,95
f,171,25.3,95
f,172,25.3,95
f,173,25.3,95
f,174,25.3,95
f,175,25.3,95
f,176,25.4,95
f,177,25.4,95
f,178,25.4,95
f,179,25.4,95
f,180,25.4,95
f,181,25.4,95
f,182,25.5,95
f,183,25.5,95
f,184,25.5,95
f,185,25.5,95
f,186,25.5,95
f,187,25.5,95
f,188,25.5,95
f,189,25.5,95
f,190,25.5,95
f,191,25.5,95
f,192,25.5,95
f,193,25.5,95
f,194,25.5,95
f,195,25.5,95
f,196,25.5,95
f,197,25.5,95
f,198,25.5,95
f,199,25.5,95
f,200,25.5,95
f,201,25.5,95
f,202,25.5,95
f,203,25.5,95
f,204,25.5,95
f,205,25.5,95
f,206,25.5,95
f,207,25.5,95
f,208,25.5,95
f,209,25.5,95
f,210,25.5,95
f,211,25.5,95
f,212,25.5,95
f,213,25.5,95
f,214,25.5,95
f,215,25.5,95
f,216,25.5,95
f,217,25.5,95
f,218,25.5,95
f,219,25.5,95
f,220,25.5,95
f,221,25.5,95
f,222,25.5,95
f,223,25.5,95
f,224,25.4,95
f,225,25.4,95
f,226,25.4,95
f,227,25.4,95
m,24,18.7,97
m,25,18.6,97
m,26,18.6,97
m,27,18.5,97
m,28,18.5,97
m,29,18.4,97
m,30,18.4,97
m,31,18.4,97
m,32,18.3,97
m,33,18.3,97
m,34,18.2,97
m,35,18.2,97
m,36,17.8,97
m,37,17.9,97
m,38,17.9,97
m,39,17.9,97
m,40,18,97
m,41,18,97
m,42,18,97
m,43,18.1,97
m,44,18.1,97
m,45,18.1,97
m,46,18.2,97
m,47,18.2,97
m,48,18.2,97
m,49,18.3,97
m,50,18.3,97
m,51,18.3,97
m,52,18.4,97
m,53,18.4,97
m,54,18.4,97
m,55,18.5,97
m,56,18.5,97
m,57,18.5,97
m,58,18.6,97
m,59,18.6,97
m,60,18.7,97
m,61,18.7,97
m,62,18.7,97
m,63,18.8,97
m,64,18.8,97
m,65,18.9,97
m,66,18.9,97
m,67,19,97
m,68,19,97
m,69,19,97
m,70,19.1,97
m,71,19.1,97
m,72,19.2,97
m,73,19.3,97
m,74,19.4,97
m,75,19.5,97
m,76,19.5,97
m,77,19.6,97
m,78,19.7,97
m,79,19.8,97
m,80,19.8,97
m,81,19.9,97
m,82,20,97
m,83,20.1,97
m,84,20.2,97
m,85,20.3,97
m,86,20.4,97
m,87,20.5,97
m,88,20.6,97
m,89,20.7,97
m,90,20.8,97
m,91,20.9,97
m,92,21,97
m,93,21.1,97
m,94,21.2,97
m,95,21.3,97
m,96,21.4,97
m,97,21.5,97
m,98,21.6,97
m,99,21.7,97
m,100,21.8,97
m,101,22,97
m,102,22.1,97
m,103,22.2,97
m,104,22.3,97
m,105,22.4,97
m,106,22.5,97
m,107,22.6,97
m,108,22.7,97
m,109,22.8,97
m,110,22.9,97
m,111,23,97
m,112,23.1,97
m,113,23.2,97
m,114,23.3,97
m,115,23.4,97
m,116,23.5,97
m,117,23.6,97
m,118,23.7,97
m,119,23.8,97
m,120,23.9,97
m,121,24,97
m,122,24.1,97
m,123,24.2,97
m,124,24.3,97
m,125,24.4,97
m,126,24.5,97
m,127,24.6,97
m,128,24.7,97
m,129,24.8,97
m,130,24.9,97
m,131,25,97
m,132,25,97
m,133,25.1,97
m,134,25.2,97
m,135,25.3,97
m,136,25.3,97
m,137,25.4,97
m,138,25.5,97
m,139,25.6,97
m,140,25.6,97
m,141,25.7,97
m,142,25.8,97
m,143,25.9,97
m,144,25.9,97
m,145,26,97
m,146,26,97
m,147,26.1,97
m,148,26.1,97
m,149,26.2,97
m,150,26.2,97
m,151,26.3,97
m,152,26.3,97
m,153,26.4,97
m,154,26.4,97
m,155,26.5,97
m,156,26.5,97
m,157,26.6,97
m,158,26.6,97
m,159,26.6,97
m,160,26.6,97
m,161,26.7,97
m,162,26.7,97
m,163,26.7,97
m,164,26.8,97
m,165,26.8,97
m,166,26.8,97
m,167,26.9,97
m,168,26.9,97
m,169,26.9,97
m,170,26.9,97
m,171,26.9,97
m,172,26.9,97
m,173,26.9,97
m,174,27,97
m,175,27,97
m,176,27,97
m,177,27,97
m,178,27,97
m,179,27,97
m,180,27,97
m,181,27,97
m,182,27.1,97
m,183,27.1,97
m,184,27.1,97
m,185,27.1,97
m,186,27.1,97
m,187,27.1,97
m,188,27.1,97
m,189,27.1,97
m,190,27.2,97
m,191,27.2,97
m,192,27.2,97
m,193,27.2,97
m,194,27.2,97
m,195,27.2,97
m,196,27.3,97
m,197,27.3,97
m,198,27.3,97
m,199,27.3,97
m,200,27.3,97
m,201,27.3,97
m,202,27.3,97
m,203,27.4,97
m,204,27.4,97
m,205,27.4,97
m,206,27.4,97
m,207,27.4,97
m,208,27.4,97
m,209,27.4,97
m,210,27.5,97
m,211,27.5,97
m,212,27.5,97
m,213,27.5,97
m,214,27.5,97
m,215,27.5,97
m,216,27.5,97
m,217,27.6,97
m,218,27.6,97
m,219,27.6,97
m,220,27.6,97
m,221,27.6,97
m,222,27.6,97
m,223,27.7,97
m,224,27.7,97
m,225,27.7,97
m,226,27.7,97
m,227,27.7,97
f,24,18.5,97
f,25,18.5,97
f,26,18.5,97
f,27,18.4,97
f,28,18.4,97
f,29,18.4,97
f,30,18.3,97
f,31,18.3,97
f,32,18.3,97
f,33,18.3,97
f,34,18.2,97
f,35,18.2,97
f,36,17.7,97
f,37,17.7,97
f,38,17.7,97
f,39,17.8,97
f,40,17.8,97
f,41,17.9,97
f,42,17.9,97
f,43,17.9,97
f,44,18,97
f,45,18,97
f,46,18,97
f,47,18.1,97
f,48,18.1,97
f,49,18.2,97
f,50,18.2,97
f,51,18.2,97
f,52,18.3,97
f,53,18.3,97
f,54,18.4,97
f,55,18.4,97
f,56,18.5,97
f,57,18.5,97
f,58,18.5,97
f,59,18.6,97
f,60,18.6,97
f,61,18.7,97
f,62,18.7,97
f,63,18.8,97
f,64,18.8,97
f,65,18.9,97
f,66,18.9,97
f,67,19,97
f,68,19,97
f,69,19,97
f,70,19.1,97
f,71,19.1,97
f,72,19.2,97
f,73,19.3,97
f,74,19.4,97
f,75,19.4,97
f,76,19.5,97
f,77,19.6,97
f,78,19.7,97
f,79,19.7,97
f,80,19.8,97
f,81,19.9,97
f,82,19.9,97
f,83,20,97
f,84,20.1,97
f,85,20.2,97
f,86,20.3,97
f,87,20.4,97
f,88,20.4,97
f,89,20.5,97
f,90,20.6,97
f,91,20.7,97
f,92,20.8,97
f,93,20.9,97
f,94,21,97
f,95,21,97
f,96,21.1,97
f,97,21.2,97
f,98,21.3,97
f,99,21.4,97
f,100,21.5,97
f,101,21.6,97
f,102,21.7,97
f,103,21.8,97
f,104,21.8,97
f,105,21.9,97
f,106,22,97
f,107,22.1,97
f,108,22.2,97
f,109,22.3,97
f,110,22.4,97
f,111,22.5,97
f,112,22.5,97
f,113,22.6,97
f,114,22.7,97
f,115,22.8,97
f,116,22.9,97
f,117,23,97
f,118,23.1,97
f,119,23.1,97
f,120,23.2,97
f,121,23.3,97
f,122,23.4,97
f,123,23.5,97
f,124,23.5,97
f,125,23.6,97
f,126,23.7,97
f,127,23.8,97
f,128,23.9,97
f,129,23.9,97
f,130,24,97
f,131,24.1,97
f,132,24.2,97
f,133,24.2,97
f,134,24.3,97
f,135,24.4,97
f,136,24.4,97
f,137,24.5,97
f,138,24.6,97
f,139,24.6,97
f,140,24.7,97
f,141,24.8,97
f,142,24.9,97
f,143,24.9,97
f,144,25,97
f,145,25,97
f,146,25.1,97
f,147,25.1,97
f,148,25.2,97
f,149,25.3,97
f,150,25.3,97
f,151,25.4,97
f,152,25.4,97
f,153,25.5,97
f,154,25.5,97
f,155,25.6,97
f,156,25.6,97
f,157,25.6,97
f,158,25.7,97
f,159,25.7,97
f,160,25.7,97
f,161,25.8,97
f,162,25.8,97
f,163,25.8,97
f,164,25.9,97
f,165,25.9,97
f,166,25.9,97
f,167,26,97
f,168,26,97
f,169,26,97
f,170,26,97
f,171,26,97
f,172,26.1,97
f,173,26.1,97
f,174,26.1,97
f,175,26.1,97
f,176,26.1,97
f,177,26.1,97
f,178,26.2,97
f,179,26.2,97
f,180,26.2,97
f,181,26.2,97
f,182,26.2,97
f,183,26.2,97
f,184,26.2,97
f,185,26.2,97
f,186,26.2,97
f,187,26.2,97
f,188,26.2,97
f,189,26.2,97
f,190,26.3,97
f,191,26.3,97
f,192,26.3,97
f,193,26.3,97
f,194,26.3,97
f,195,26.3,97
f,196,26.3,97
f,197,26.3,97
f,198,26.3,97
f,199,26.3,97
f,200,26.3,97
f,201,26.3,97
f,202,26.2,97
f,203,26.2,97
f,204,26.2,97
f,205,26.2,97
f,206,26.2,97
f,207,26.2,97
f,208,26.2,97
f,209,26.2,97
f,210,26.2,97
f,211,26.2,97
f,212,26.2,97
f,213,26.2,97
f,214,26.2,97
f,215,26.2,97
f,216,26.2,97
f,217,26.2,97
f,218,26.2,97
f,219,26.2,97
f,220,26.2,97
f,221,26.2,97
f,222,26.2,97
f,223,26.2,97
f,224,26.2,97
f,225,26.2,97
f,226,26.2,97
f,227,26.2,97
m,24,19.4,99
m,25,19.4,99
m,26,19.3,99
m,27,19.2,99
m,28,19.2,99
m,29,19.1,99
m,30,19.1,99
m,31,19.1,99
m,32,19,99
m,33,19,99
m,34,18.9,99
m,35,18.9,99
m,36,18.3,99
m,37,18.3,99
m,38,18.4,99
m,39,18.4,99
m,40,18.4,99
m,41,18.5,99
m,42,18.5,99
m,43,18.6,99
m,44,18.6,99
m,45,18.7,99
m,46,18.7,99
m,47,18.7,99
m,48,18.8,99
m,49,18.8,99
m,50,18.9,99
m,51,18.9,99
m,52,19,99
m,53,19,99
m,54,19.1,99
m,55,19.1,99
m,56,19.2,99
m,57,19.2,99
m,58,19.3,99
m,59,19.3,99
m,60,19.4,99
m,61,19.5,99
m,62,19.5,99
m,63,19.6,99
m,64,19.6,99
m,65,19.7,99
m,66,19.8,99
m,67,19.8,99
m,68,19.9,99
m,69,19.9,99
m,70,20,99
m,71,20.1,99
m,72,20.2,99
m,73,20.3,99
m,74,20.4,99
m,75,20.4,99
m,76,20.5,99
m,77,20.6,99
m,78,20.7,99
m,79,20.8,99
m,80,20.9,99
m,81,21,99
m,82,21.1,99
m,83,21.2,99
m,84,21.4,99
m,85,21.5,99
m,86,21.6,99
m,87,21.7,99
m,88,21.8,99
m,89,22,99
m,90,22.1,99
m,91,22.2,99
m,92,22.3,99
m,93,22.4,99
m,94,22.6,99
m,95,22.7,99
m,96,22.8,99
m,97,22.9,99
m,98,23,99
m,99,23.2,99
m,100,23.3,99
m,101,23.4,99
m,102,23.5,99
m,103,23.6,99
m,104,23.8,99
m,105,23.9,99
m,106,24,99
m,107,24.1,99
m,108,24.2,99
m,109,24.3,99
m,110,24.4,99
m,111,24.6,99
m,112,24.7,99
m,113,24.8,99
m,114,24.9,99
m,115,25,99
m,116,25.1,99
m,117,25.2,99
m,118,25.3,99
m,119,25.4,99
m,120,25.5,99
m,121,25.6,99
m,122,25.7,99
m,123,25.8,99
m,124,25.9,99
m,125,26,99
m,126,26.1,99
m,127,26.2,99
m,128,26.3,99
m,129,26.4,99
m,130,26.5,99
m,131,26.6,99
m,132,26.7,99
m,133,26.8,99
m,134,26.8,99
m,135,26.9,99
m,136,27,99
m,137,27.1,99
m,138,27.2,99
m,139,27.2,99
m,140,27.3,99
m,141,27.4,99
m,142,27.5,99
m,143,27.6,99
m,144,27.6,99
m,145,27.7,99
m,146,27.7,99
m,147,27.8,99
m,148,27.8,99
m,149,27.9,99
m,150,27.9,99
m,151,28,99
m,152,28,99
m,153,28.1,99
m,154,28.2,99
m,155,28.2,99
m,156,28.2,99
m,157,28.3,99
m,158,28.3,99
m,159,28.3,99
m,160,28.3,99
m,161,28.4,99
m,162,28.4,99
m,163,28.4,99
m,164,28.5,99
m,165,28.5,99
m,166,28.5,99
m,167,28.5,99
m,168,28.5,99
m,169,28.6,99
m,170,28.6,99
m,171,28.6,99
m,172,28.6,99
m,173,28.6,99
m,174,28.6,99
m,175,28.6,99
m,176,28.6,99
m,177,28.6,99
m,178,28.6,99
m,179,28.6,99
m,180,28.6,99
m,181,28.6,99
m,182,28.6,99
m,183,28.6,99
m,184,28.6,99
m,185,28.7,99
m,186,28.7,99
m,187,28.7,99
m,188,28.7,99
m,189,28.7,99
m,190,28.7,99
m,191,28.7,99
m,192,28.7,99
m,193,28.7,99
m,194,28.7,99
m,195,28.7,99
m,196,28.7,99
m,197,28.7,99
m,198,28.7,99
m,199,28.8,99
m,200,28.8,99
m,201,28.8,99
m,202,28.8,99
m,203,28.8,99
m,204,28.8,99
m,205,28.8,99
m,206,28.8,99
m,207,28.8,99
m,208,28.8,99
m,209,28.8,99
m,210,28.8,99
m,211,28.9,99
m,212,28.9,99
m,213,28.9,99
m,214,28.9,99
m,215,28.9,99
m,216,28.9,99
m,217,28.9,99
m,218,28.9,99
m,219,28.9,99
m,220,28.9,99
m,221,28.9,99
m,222,28.9,99
m,223,29,99
m,224,29,99
m,225,29,99
m,226,29,99
m,227,29,99
f,24,19.3,99
f,25,19.3,99
f,26,19.3,99
f,27,19.2,99
f,28,19.2,99
f,29,19.2,99
f,30,19.1,99
f,31,19.1,99
f,32,19.1,99
f,33,19,99
f,34,19,99
f,35,19,99
f,36,18.1,99
f,37,18.2,99
f,38,18.2,99
f,39,18.3,99
f,40,18.3,99
f,41,18.4,99
f,42,18.4,99
f,43,18.5,99
f,44,18.5,99
f,45,18.6,99
f,46,18.6,99
f,47,18.7,99
f,48,18.7,99
f,49,18.8,99
f,50,18.8,99
f,51,18.9,99
f,52,19,99
f,53,19,99
f,54,19.1,99
f,55,19.1,99
f,56,19.2,99
f,57,19.2,99
f,58,19.3,99
f,59,19.4,99
f,60,19.4,99
f,61,19.5,99
f,62,19.6,99
f,63,19.6,99
f,64,19.7,99
f,65,19.8,99
f,66,19.8,99
f,67,19.9,99
f,68,20,99
f,69,20,99
f,70,20.1,99
f,71,20.2,99
f,72,20.3,99
f,73,20.3,99
f,74,20.4,99
f,75,20.5,99
f,76,20.6,99
f,77,20.7,99
f,78,20.8,99
f,79,20.9,99
f,80,21,99
f,81,21.1,99
f,82,21.2,99
f,83,21.3,99
f,84,21.4,99
f,85,21.5,99
f,86,21.6,99
f,87,21.7,99
f,88,21.8,99
f,89,21.9,99
f,90,22,99
f,91,22.1,99
f,92,22.2,99
f,93,22.3,99
f,94,22.4,99
f,95,22.5,99
f,96,22.5,99
f,97,22.6,99
f,98,22.7,99
f,99,22.8,99
f,100,22.9,99
f,101,23,99
f,102,23.1,99
f,103,23.2,99
f,104,23.3,99
f,105,23.4,99
f,106,23.5,99
f,107,23.6,99
f,108,23.7,99
f,109,23.8,99
f,110,23.9,99
f,111,24,99
f,112,24.1,99
f,113,24.2,99
f,114,24.3,99
f,115,24.4,99
f,116,24.4,99
f,117,24.5,99
f,118,24.6,99
f,119,24.7,99
f,120,24.8,99
f,121,24.9,99
f,122,25,99
f,123,25.1,99
f,124,25.1,99
f,125,25.2,99
f,126,25.3,99
f,127,25.4,99
f,128,25.5,99
f,129,25.6,99
f,130,25.6,99
f,131,25.7,99
f,132,25.8,99
f,133,25.9,99
f,134,25.9,99
f,135,26,99
f,136,26.1,99
f,137,26.2,99
f,138,26.2,99
f,139,26.3,99
f,140,26.4,99
f,141,26.5,99
f,142,26.5,99
f,143,26.6,99
f,144,26.7,99
f,145,26.7,99
f,146,26.8,99
f,147,26.8,99
f,148,26.9,99
f,149,26.9,99
f,150,27,99
f,151,27,99
f,152,27.1,99
f,153,27.1,99
f,154,27.2,99
f,155,27.3,99
f,156,27.3,99
f,157,27.3,99
f,158,27.3,99
f,159,27.4,99
f,160,27.4,99
f,161,27.4,99
f,162,27.4,99
f,163,27.5,99
f,164,27.5,99
f,165,27.5,99
f,166,27.5,99
f,167,27.6,99
f,168,27.6,99
f,169,27.6,99
f,170,27.6,99
f,171,27.6,99
f,172,27.6,99
f,173,27.6,99
f,174,27.6,99
f,175,27.6,99
f,176,27.6,99
f,177,27.6,99
f,178,27.7,99
f,179,27.7,99
f,180,27.7,99
f,181,27.7,99
f,182,27.7,99
f,183,27.7,99
f,184,27.7,99
f,185,27.7,99
f,186,27.7,99
f,187,27.7,99
f,188,27.7,99
f,189,27.7,99
f,190,27.7,99
f,191,27.7,99
f,192,27.7,99
f,193,27.7,99
f,194,27.7,99
f,195,27.7,99
f,196,27.7,99
f,197,27.7,99
f,198,27.7,99
f,199,27.7,99
f,200,27.7,99
f,201,27.7,99
f,202,27.7,99
f,203,27.7,99
f,204,27.7,99
f,205,27.7,99
f,206,27.7,99
f,207,27.7,99
f,208,27.7,99
f,209,27.7,99
f,210,27.7,99
f,211,27.7,99
f,212,27.7,99
f,213,27.7,99
f,214,27.7,99
f,215,27.7,99
f,216,27.7,99
f,217,27.7,99
f,218,27.7,99
f,219,27.7,99
f,220,27.7,99
f,221,27.7,99
f,222,27.7,99
f,223,27.7,99
f,224,27.7,99
f,225,27.7,99
f,226,27.7,99
f,227,27.7,99
