sex,age_month,height,percentile
m,0,45.5,1
m,0,46.3,3
m,0,46.8,5
m,0,47.5,10
m,0,47.9,15
m,0,48.6,25
m,0,49.9,50
m,0,51.2,75
m,0,51.8,85
m,0,52.3,90
m,0,53,95
m,0,53.4,97
m,0,54.3,99
m,1,50.2,1
m,1,51.1,3
m,1,51.5,5
m,1,52.2,10
m,1,52.7,15
m,1,53.4,25
m,1,54.7,50
m,1,56,75
m,1,56.7,85
m,1,57.2,90
m,1,57.9,95
m,1,58.4,97
m,1,59.3,99
m,2,53.8,1
m,2,54.7,3
m,2,55.1,5
m,2,55.9,10
m,2,56.4,15
m,2,57.1,25
m,2,58.4,50
m,2,59.8,75
m,2,60.5,85
m,2,61,90
m,2,61.7,95
m,2,62.2,97
m,2,63.1,99
m,3,56.7,1
m,3,57.6,3
m,3,58.1,5
m,3,58.8,10
m,3,59.3,15
m,3,60.1,25
m,3,61.4,50
m,3,62.8,75
m,3,63.5,85
m,3,64,90
m,3,64.8,95
m,3,65.3,97
m,3,66.2,99
m,4,59,1
m,4,60,3
m,4,60.5,5
m,4,61.2,10
m,4,61.7,15
m,4,62.5,25
m,4,63.9,50
m,4,65.3,75
m,4,66,85
m,4,66.6,90
m,4,67.3,95
m,4,67.8,97
m,4,68.7,99
m,5,61,1
m,5,61.9,3
m,5,62.4,5
m,5,63.2,10
m,5,63.7,15
m,5,64.5,25
m,5,65.9,50
m,5,67.3,75
m,5,68.1,85
m,5,68.6,90
m,5,69.4,95
m,5,69.9,97
m,5,70.8,99
m,6,62.6,1
m,6,63.6,3
m,6,64.1,5
m,6,64.9,10
m,6,65.4,15
m,6,66.2,25
m,6,67.6,50
m,6,69.1,75
m,6,69.8,85
m,6,70.4,90
m,6,71.1,95
m,6,71.6,97
m,6,72.6,99
m,7,64.1,1
m,7,65.1,3
m,7,65.6,5
m,7,66.4,10
m,7,66.9,15
m,7,67.7,25
m,7,69.2,50
m,7,70.6,75
m,7,71.4,85
m,7,71.9,90
m,7,72.7,95
m,7,73.2,97
m,7,74.2,99
m,8,65.5,1
m,8,66.5,3
m,8,67,5
m,8,67.8,10
m,8,68.3,15
m,8,69.1,25
m,8,70.6,50
m,8,72.1,75
m,8,72.9,85
m,8,73.4,90
m,8,74.2,95
m,8,74.7,97
m,8,75.7,99
m,9,66.8,1
m,9,67.7,3
m,9,68.3,5
m,9,69.1,10
m,9,69.6,15
m,9,70.5,25
m,9,72,50
m,9,73.5,75
m,9,74.3,85
m,9,74.8,90
m,9,75.7,95
m,9,76.2,97
m,9,77.2,99
m,10,68,1
m,10,69,3
m,10,69.5,5
m,10,70.4,10
m,10,70.9,15
m,10,71.7,25
m,10,73.3,50
m,10,74.8,75
m,10,75.6,85
m,10,76.2,90
m,10,77,95
m,10,77.6,97
m,10,78.6,99
m,11,69.1,1
m,11,70.2,3
m,11,70.7,5
m,11,71.6,10
m,11,72.1,15
m,11,73,25
m,11,74.5,50
m,11,76.1,75
m,11,77,85
m,11,77.5,90
m,11,78.4,95
m,11,78.9,97
m,11,80,99
m,12,70.2,1
m,12,71.3,3
m,12,71.8,5
m,12,72.7,10
m,12,73.3,15
m,12,74.1,25
m,12,75.7,50
m,12,77.4,75
m,12,78.2,85
m,12,78.8,90
m,12,79.7,95
m,12,80.2,97
m,12,81.3,99
m,13,71.3,1
m,13,72.4,3
m,13,72.9,5
m,13,73.8,10
m,13,74.4,15
m,13,75.3,25
m,13,76.9,50
m,13,78.6,75
m,13,79.4,85
m,13,80,90
m,13,80.9,95
m,13,81.5,97
m,13,82.6,99
m,14,72.3,1
m,14,73.4,3
m,14,74,5
m,14,74.9,10
m,14,75.5,15
m,14,76.4,25
m,14,78,50
m,14,79.7,75
m,14,80.6,85
m,14,81.2,90
m,14,82.1,95
m,14,82.7,97
m,14,83.8,99
m,15,73.3,1
m,15,74.4,3
m,15,75,5
m,15,75.9,10
m,15,76.5,15
m,15,77.4,25
m,15,79.1,50
m,15,80.9,75
m,15,81.8,85
m,15,82.4,90
m,15,83.3,95
m,15,83.9,97
m,15,85,99
m,16,74.2,1
m,16,75.4,3
m,16,76,5
m,16,76.9,10
m,16,77.5,15
m,16,78.5,25
m,16,80.2,50
m,16,82,75
m,16,82.9,85
m,16,83.5,90
m,16,84.5,95
m,16,85.1,97
m,16,86.2,99
m,17,75.1,1
m,17,76.3,3
m,17,76.9,5
m,17,77.9,10
m,17,78.5,15
m,17,79.5,25
m,17,81.2,50
m,17,83,75
m,17,84,85
m,17,84.6,90
m,17,85.6,95
m,17,86.2,97
m,17,87.4,99
m,18,76,1
m,18,77.2,3
m,18,77.8,5
m,18,78.8,10
m,18,79.5,15
m,18,80.4,25
m,18,82.3,50
m,18,84.1,75
m,18,85.1,85
m,18,85.7,90
m,18,86.7,95
m,18,87.3,97
m,18,88.5,99
m,19,76.8,1
m,19,78.1,3
m,19,78.7,5
m,19,79.7,10
m,19,80.4,15
m,19,81.4,25
m,19,83.2,50
m,19,85.1,75
m,19,86.1,85
m,19,86.8,90
m,19,87.8,95
m,19,88.4,97
m,19,89.7,99
m,20,77.7,1
m,20,78.9,3
m,20,79.6,5
m,20,80.6,10
m,20,81.3,15
m,20,82.3,25
m,20,84.2,50
m,20,86.1,75
m,20,87.1,85
m,20,87.8,90
m,20,88.8,95
m,20,89.5,97
m,20,90.7,99
m,21,78.4,1
m,21,79.7,3
m,21,80.4,5
m,21,81.5,10
m,21,82.2,15
m,21,83.2,25
m,21,85.1,50
m,21,87.1,75
m,21,88.1,85
m,21,88.8,90
m,21,89.9,95
m,21,90.5,97
m,21,91.8,99
m,22,79.2,1
m,22,80.5,3
m,22,81.2,5
m,22,82.3,10
m,22,83,15
m,22,84.1,25
m,22,86,50
m,22,88,75
m,22,89.1,85
m,22,89.8,90
m,22,90.9,95
m,22,91.6,97
m,22,92.9,99
m,23,80,1
m,23,81.3,3
m,23,82,5
m,23,83.1,10
m,23,83.8,15
m,23,84.9,25
m,23,86.9,50
m,23,89,75
m,23,90,85
m,23,90.8,90
m,23,91.9,95
m,23,92.6,97
m,23,93.9,99
m,24,80,1
m,24,81.4,3
m,24,82.1,5
m,24,83.2,10
m,24,83.9,15
m,24,85.1,25
m,24,87.1,50
m,24,89.2,75
m,24,90.3,85
m,24,91,90
m,24,92.1,95
m,24,92.9,97
m,24,94.2,99
m,25,80.7,1
m,25,82.1,3
m,25,82.8,5
m,25,84,10
m,25,84.7,15
m,25,85.9,25
m,25,88,50
m,25,90.1,75
m,25,91.2,85
m,25,92,90
m,25,93.1,95
m,25,93.8,97
m,25,95.2,99
m,26,81.4,1
m,26,82.8,3
m,26,83.6,5
m,26,84.7,10
m,26,85.5,15
m,26,86.7,25
m,26,88.8,50
m,26,90.9,75
m,26,92.1,85
m,26,92.9,90
m,26,94,95
m,26,94.8,97
m,26,96.2,99
m,27,82.1,1
m,27,83.5,3
m,27,84.3,5
m,27,85.5,10
m,27,86.3,15
m,27,87.4,25
m,27,89.6,50
m,27,91.8,75
m,27,93,85
m,27,93.8,90
m,27,94.9,95
m,27,95.7,97
m,27,97.1,99
m,28,82.8,1
m,28,84.2,3
m,28,85,5
m,28,86.2,10
m,28,87,15
m,28,88.2,25
m,28,90.4,50
m,28,92.6,75
m,28,93.8,85
m,28,94.6,90
m,28,95.8,95
m,28,96.6,97
m,28,98.1,99
m,29,83.4,1
m,29,84.9,3
m,29,85.7,5
m,29,86.9,10
m,29,87.7,15
m,29,88.9,25
m,29,91.2,50
m,29,93.4,75
m,29,94.7,85
m,29,95.5,90
m,29,96.7,95
m,29,97.5,97
m,29,99,99
m,30,84,1
m,30,85.5,3
m,30,86.3,5
m,30,87.6,10
m,30,88.4,15
m,30,89.6,25
m,30,91.9,50
m,30,94.2,75
m,30,95.5,85
m,30,96.3,90
m,30,97.5,95
m,30,98.3,97
m,30,99.9,99
m,31,84.6,1
m,31,86.2,3
m,31,87,5
m,31,88.2,10
m,31,89.1,15
m,31,90.3,25
m,31,92.7,50
m,31,95,75
m,31,96.2,85
m,31,97.1,90
m,31,98.4,95
m,31,99.2,97
m,31,100.7,99
m,32,85.2,1
m,32,86.8,3
m,32,87.6,5
m,32,88.9,10
m,32,89.7,15
m,32,91,25
m,32,93.4,50
m,32,95.7,75
m,32,97,85
m,32,97.9,90
m,32,99.2,95
m,32,100,97
m,32,101.5,99
m,33,85.8,1
m,33,87.4,3
m,33,88.2,5
m,33,89.5,10
m,33,90.4,15
m,33,91.7,25
m,33,94.1,50
m,33,96.5,75
m,33,97.8,85
m,33,98.6,90
m,33,99.9,95
m,33,100.8,97
m,33,102.4,99
m,34,86.4,1
m,34,88,3
m,34,88.8,5
m,34,90.1,10
m,34,91,15
m,34,92.3,25
m,34,94.8,50
m,34,97.2,75
m,34,98.5,85
m,34,99.4,90
m,34,100.7,95
m,34,101.5,97
m,34,103.2,99
m,35,86.9,1
m,35,88.5,3
m,35,89.4,5
m,35,90.7,10
m,35,91.6,15
m,35,93,25
m,35,95.4,50
m,35,97.9,75
m,35,99.2,85
m,35,100.1,90
m,35,101.4,95
m,35,102.3,97
m,35,103.9,99
m,36,88.3,1
m,36,89.7,3
m,36,90.5,5
m,36,91.8,10
m,36,92.6,15
m,36,93.9,25
m,36,96.5,50
m,36,99.2,75
m,36,100.7,85
m,36,101.8,90
m,36,103.4,95
m,36,104.4,97
m,36,106.5,99
m,37,88.7,1
m,37,90.2,3
m,37,91,5
m,37,92.3,10
m,37,93.2,15
m,37,94.5,25
m,37,97,50
m,37,99.8,75
m,37,101.3,85
m,37,102.3,90
m,37,103.9,95
m,37,105,97
m,37,107.1,99
m,38,89.2,1
m,38,90.7,3
m,38,91.5,5
m,38,92.8,10
m,38,93.7,15
m,38,95,25
m,38,97.6,50
m,38,100.3,75
m,38,101.8,85
m,38,102.9,90
m,38,104.5,95
m,38,105.6,97
m,38,107.6,99
m,39,89.7,1
m,39,91.2,3
m,39,92,5
m,39,93.3,10
m,39,94.2,15
m,39,95.5,25
m,39,98.1,50
m,39,100.9,75
m,39,102.4,85
m,39,103.5,90
m,39,105.1,95
m,39,106.1,97
m,39,108.2,99
m,40,90.2,1
m,40,91.7,3
m,40,92.5,5
m,40,93.8,10
m,40,94.7,15
m,40,96.1,25
m,40,98.7,50
m,40,101.4,75
m,40,103,85
m,40,104,90
m,40,105.6,95
m,40,106.7,97
m,40,108.7,99
m,41,90.6,1
m,41,92.2,3
m,41,93,5
m,41,94.3,10
m,41,95.3,15
m,41,96.6,25
m,41,99.2,50
m,41,102,75
m,41,103.5,85
m,41,104.6,90
m,41,106.2,95
m,41,107.2,97
m,41,109.3,99
m,42,91.1,1
m,42,92.7,3
m,42,93.5,5
m,42,94.9,10
m,42,95.8,15
m,42,97.1,25
m,42,99.8,50
m,42,102.6,75
m,42,104.1,85
m,42,105.1,90
m,42,106.7,95
m,42,107.8,97
m,42,109.8,99
m,43,91.6,1
m,43,93.2,3
m,43,94,5
m,43,95.4,10
m,43,96.3,15
m,43,97.7,25
m,43,100.3,50
m,43,103.1,75
m,43,104.6,85
m,43,105.7,90
m,43,107.3,95
m,43,108.4,97
m,43,110.4,99
m,44,92.1,1
m,44,93.7,3
m,44,94.5,5
m,44,95.9,10
m,44,96.8,15
m,44,98.2,25
m,44,100.9,50
m,44,103.7,75
m,44,105.2,85
m,44,106.3,90
m,44,107.9,95
m,44,108.9,97
m,44,111,99
m,45,92.5,1
m,45,94.2,3
m,45,95,5
m,45,96.4,10
m,45,97.3,15
m,45,98.7,25
m,45,101.4,50
m,45,104.2,75
m,45,105.8,85
m,45,106.8,90
m,45,108.4,95
m,45,109.5,97
m,45,111.5,99
m,46,93,1
m,46,94.7,3
m,46,95.5,5
m,46,96.9,10
m,46,97.9,15
m,46,99.3,25
m,46,102,50
m,46,104.8,75
m,46,106.3,85
m,46,107.4,90
m,46,109,95
m,46,110.1,97
m,46,112.1,99
m,47,93.5,1
m,47,95.2,3
m,47,96,5
m,47,97.4,10
m,47,98.4,15
m,47,99.8,25
m,47,102.5,50
m,47,105.3,75
m,47,106.9,85
m,47,108,90
m,47,109.6,95
m,47,110.6,97
m,47,112.6,99
m,48,94,1
m,48,95.6,3
m,48,96.5,5
m,48,97.9,10
m,48,98.9,15
m,48,100.3,25
m,48,103.1,50
m,48,105.9,75
m,48,107.5,85
m,48,108.5,90
m,48,110.1,95
m,48,111.2,97
m,48,113.2,99
m,49,94.5,1
m,49,96.1,3
m,49,97,5
m,49,98.5,10
m,49,99.4,15
m,49,100.9,25
m,49,103.6,50
m,49,106.5,75
m,49,108,85
m,49,109.1,90
m,49,110.7,95
m,49,111.7,97
m,49,113.8,99
m,50,94.9,1
m,50,96.6,3
m,50,97.5,5
m,50,99,10
m,50,99.9,15
m,50,101.4,25
m,50,104.2,50
m,50,107,75
m,50,108.6,85
m,50,109.6,90
m,50,111.3,95
m,50,112.3,97
m,50,114.3,99
m,51,95.4,1
m,51,97.1,3
m,51,98,5
m,51,99.5,10
m,51,100.5,15
m,51,101.9,25
m,51,104.7,50
m,51,107.6,75
m,51,109.1,85
m,51,110.2,90
m,51,111.8,95
m,51,112.9,97
m,51,114.9,99
m,52,95.9,1
m,52,97.6,3
m,52,98.6,5
m,52,100,10
m,52,101,15
m,52,102.5,25
m,52,105.3,50
m,52,108.1,75
m,52,109.7,85
m,52,110.8,90
m,52,112.4,95
m,52,113.4,97
m,52,115.5,99
m,53,96.4,1
m,53,98.1,3
m,53,99.1,5
m,53,100.5,10
m,53,101.5,15
m,53,103,25
m,53,105.8,50
m,53,108.7,75
m,53,110.3,85
m,53,111.3,90
m,53,112.9,95
m,53,114,97
m,53,116,99
m,54,96.8,1
m,54,98.6,3
m,54,99.6,5
m,54,101,10
m,54,102,15
m,54,103.5,25
m,54,106.3,50
m,54,109.2,75
m,54,110.8,85
m,54,111.9,90
m,54,113.5,95
m,54,114.6,97
m,54,116.6,99
m,55,97.3,1
m,55,99.1,3
m,55,100.1,5
m,55,101.5,10
m,55,102.5,15
m,55,104,25
m,55,106.9,50
m,55,109.8,75
m,55,111.4,85
m,55,112.5,90
m,55,114.1,95
m,55,115.1,97
m,55,117.2,99
m,56,97.8,1
m,56,99.6,3
m,56,100.6,5
m,56,102,10
m,56,103.1,15
m,56,104.6,25
m,56,107.4,50
m,56,110.3,75
m,56,111.9,85
m,56,113,90
m,56,114.6,95
m,56,115.7,97
m,56,117.7,99
m,57,98.3,1
m,57,100.1,3
m,57,101.1,5
m,57,102.6,10
m,57,103.6,15
m,57,105.1,25
m,57,108,50
m,57,110.9,75
m,57,112.5,85
m,57,113.6,90
m,57,115.2,95
m,57,116.3,97
m,57,118.3,99
m,58,98.8,1
m,58,100.6,3
m,58,101.6,5
m,58,103.1,10
m,58,104.1,15
m,58,105.6,25
m,58,108.5,50
m,58,111.5,75
m,58,113.1,85
m,58,114.1,90
m,58,115.8,95
m,58,116.8,97
m,58,118.9,99
m,59,99.2,1
m,59,101.1,3
m,59,102.1,5
m,59,103.6,10
m,59,104.6,15
m,59,106.2,25
m,59,109.1,50
m,59,112,75
m,59,113.6,85
m,59,114.7,90
m,59,116.3,95
m,59,117.4,97
m,59,119.4,99
m,60,99.7,1
m,60,101.6,3
m,60,102.5,5
m,60,104.1,10
m,60,105.1,15
m,60,106.7,25
m,60,109.6,50
m,60,112.6,75
m,60,114.2,85
m,60,115.3,90
m,60,116.9,95
m,60,118,97
m,60,120,99
m,61,100.2,1
m,61,102,3
m,61,103,5
m,61,104.6,10
m,61,105.6,15
m,61,107.2,25
m,61,110.1,50
m,61,113.1,75
m,61,114.7,85
m,61,115.8,90
m,61,117.5,95
m,61,118.6,97
m,61,120.6,99
m,62,100.7,1
m,62,102.5,3
m,62,103.5,5
m,62,105.1,10
m,62,106.1,15
m,62,107.7,25
m,62,110.7,50
m,62,113.7,75
m,62,115.3,85
m,62,116.4,90
m,62,118.1,95
m,62,119.1,97
m,62,121.2,99
m,63,101.1,1
m,63,103,3
m,63,104,5
m,63,105.6,10
m,63,106.6,15
m,63,108.2,25
m,63,111.2,50
m,63,114.2,75
m,63,115.8,85
m,63,117,90
m,63,118.6,95
m,63,119.7,97
m,63,121.8,99
m,64,101.6,1
m,64,103.5,3
m,64,104.5,5
m,64,106.1,10
m,64,107.1,15
m,64,108.7,25
m,64,111.7,50
m,64,114.8,75
m,64,116.4,85
m,64,117.5,90
m,64,119.2,95
m,64,120.3,97
m,64,122.4,99
m,65,102.1,1
m,65,104,3
m,65,105,5
m,65,106.6,10
m,65,107.7,15
m,65,109.2,25
m,65,112.2,50
m,65,115.3,75
m,65,117,85
m,65,118.1,90
m,65,119.8,95
m,65,120.9,97
m,65,123,99
m,66,102.6,1
m,66,104.5,3
m,66,105.5,5
m,66,107.1,10
m,66,108.2,15
m,66,109.8,25
m,66,112.8,50
m,66,115.8,75
m,66,117.5,85
m,66,118.7,90
m,66,120.4,95
m,66,121.5,97
m,66,123.6,99
m,67,103.1,1
m,67,105,3
m,67,106,5
m,67,107.6,10
m,67,108.7,15
m,67,110.3,25
m,67,113.3,50
m,67,116.4,75
m,67,118.1,85
m,67,119.2,90
m,67,120.9,95
m,67,122.1,97
m,67,124.2,99
m,68,103.5,1
m,68,105.5,3
m,68,106.5,5
m,68,108.1,10
m,68,109.2,15
m,68,110.8,25
m,68,113.8,50
m,68,116.9,75
m,68,118.6,85
m,68,119.8,90
m,68,121.5,95
m,68,122.6,97
m,68,124.8,99
m,69,104,1
m,69,105.9,3
m,69,107,5
m,69,108.6,10
m,69,109.7,15
m,69,111.3,25
m,69,114.4,50
m,69,117.5,75
m,69,119.2,85
m,69,120.3,90
m,69,122.1,95
m,69,123.2,97
m,69,125.4,99
m,70,104.5,1
m,70,106.4,3
m,70,107.5,5
m,70,109.1,10
m,70,110.2,15
m,70,111.8,25
m,70,114.9,50
m,70,118,75
m,70,119.7,85
m,70,120.9,90
m,70,122.7,95
m,70,123.8,97
m,70,126,99
m,71,105,1
m,71,106.9,3
m,71,108,5
m,71,109.6,10
m,71,110.7,15
m,71,112.3,25
m,71,115.4,50
m,71,118.6,75
m,71,120.3,85
m,71,121.5,90
m,71,123.3,95
m,71,124.4,97
m,71,126.6,99
m,72,105.5,1
m,72,107.4,3
m,72,108.4,5
m,72,110.1,10
m,72,111.2,15
m,72,112.8,25
m,72,115.9,50
m,72,119.1,75
m,72,120.8,85
m,72,122,90
m,72,123.8,95
m,72,125,97
m,72,127.2,99
m,73,105.9,1
m,73,107.9,3
m,73,108.9,5
m,73,110.5,10
m,73,111.6,15
m,73,113.3,25
m,73,116.4,50
m,73,119.6,75
m,73,121.4,85
m,73,122.6,90
m,73,124.4,95
m,73,125.6,97
m,73,127.8,99
m,74,106.4,1
m,74,108.3,3
m,74,109.4,5
m,74,111,10
m,74,112.1,15
m,74,113.8,25
m,74,117,50
m,74,120.2,75
m,74,121.9,85
m,74,123.2,90
m,74,125,95
m,74,126.1,97
m,74,128.4,99
m,75,106.9,1
m,75,108.8,3
m,75,109.9,5
m,75,111.5,10
m,75,112.6,15
m,75,114.3,25
m,75,117.5,50
m,75,120.7,75
m,75,122.5,85
m,75,123.7,90
m,75,125.5,95
m,75,126.7,97
m,75,129,99
m,76,107.3,1
m,76,109.3,3
m,76,110.4,5
m,76,112,10
m,76,113.1,15
m,76,114.8,25
m,76,118,50
m,76,121.3,75
m,76,123,85
m,76,124.3,90
m,76,126.1,95
m,76,127.3,97
m,76,129.6,99
m,77,107.8,1
m,77,109.8,3
m,77,110.8,5
m,77,112.5,10
m,77,113.6,15
m,77,115.3,25
m,77,118.5,50
m,77,121.8,75
m,77,123.6,85
m,77,124.8,90
m,77,126.7,95
m,77,127.9,97
m,77,130.2,99
m,78,108.3,1
m,78,110.3,3
m,78,111.3,5
m,78,113,10
m,78,114.1,15
m,78,115.8,25
m,78,119,50
m,78,122.3,75
m,78,124.1,85
m,78,125.4,90
m,78,127.2,95
m,78,128.4,97
m,78,130.8,99
m,79,108.7,1
m,79,110.7,3
m,79,111.8,5
m,79,113.5,10
m,79,114.6,15
m,79,116.3,25
m,79,119.5,50
m,79,122.8,75
m,79,124.7,85
m,79,125.9,90
m,79,127.8,95
m,79,129,97
m,79,131.3,99
m,80,109.2,1
m,80,111.2,3
m,80,112.3,5
m,80,113.9,10
m,80,115.1,15
m,80,116.8,25
m,80,120,50
m,80,123.4,75
m,80,125.2,85
m,80,126.4,90
m,80,128.3,95
m,80,129.5,97
m,80,131.9,99
m,81,109.6,1
m,81,111.7,3
m,81,112.7,5
m,81,114.4,10
m,81,115.6,15
m,81,117.3,25
m,81,120.5,50
m,81,123.9,75
m,81,125.7,85
m,81,127,90
m,81,128.9,95
m,81,130.1,97
m,81,132.4,99
m,82,110.1,1
m,82,112.1,3
m,82,113.2,5
m,82,114.9,10
m,82,116.1,15
m,82,117.8,25
m,82,121,50
m,82,124.4,75
m,82,126.2,85
m,82,127.5,90
m,82,129.4,95
m,82,130.6,97
m,82,133,99
m,83,110.6,1
m,83,112.6,3
m,83,113.7,5
m,83,115.4,10
m,83,116.5,15
m,83,118.3,25
m,83,121.6,50
m,83,124.9,75
m,83,126.8,85
m,83,128,90
m,83,129.9,95
m,83,131.2,97
m,83,133.6,99
m,84,111,1
m,84,113.1,3
m,84,114.2,5
m,84,115.9,10
m,84,117,15
m,84,118.8,25
m,84,122.1,50
m,84,125.4,75
m,84,127.3,85
m,84,128.6,90
m,84,130.5,95
m,84,131.7,97
m,84,134.1,99
m,85,111.5,1
m,85,113.5,3
m,85,114.6,5
m,85,116.3,10
m,85,117.5,15
m,85,119.2,25
m,85,122.5,50
m,85,126,75
m,85,127.8,85
m,85,129.1,90
m,85,131,95
m,85,132.3,97
m,85,134.7,99
m,86,111.9,1
m,86,114,3
m,86,115.1,5
m,86,116.8,10
m,86,118,15
m,86,119.7,25
m,86,123,50
m,86,126.5,75
m,86,128.3,85
m,86,129.6,90
m,86,131.5,95
m,86,132.8,97
m,86,135.2,99
m,87,112.4,1
m,87,114.4,3
m,87,115.6,5
m,87,117.3,10
m,87,118.4,15
m,87,120.2,25
m,87,123.5,50
m,87,127,75
m,87,128.8,85
m,87,130.1,90
m,87,132.1,95
m,87,133.3,97
m,87,135.8,99
m,88,112.8,1
m,88,114.9,3
m,88,116,5
m,88,117.7,10
m,88,118.9,15
m,88,120.7,25
m,88,124,50
m,88,127.5,75
m,88,129.4,85
m,88,130.7,90
m,88,132.6,95
m,88,133.9,97
m,88,136.3,99
m,89,113.3,1
m,89,115.4,3
m,89,116.5,5
m,89,118.2,10
m,89,119.4,15
m,89,121.2,25
m,89,124.5,50
m,89,128,75
m,89,129.9,85
m,89,131.2,90
m,89,133.1,95
m,89,134.4,97
m,89,136.8,99
m,90,113.7,1
m,90,115.8,3
m,90,116.9,5
m,90,118.7,10
m,90,119.9,15
m,90,121.6,25
m,90,125,50
m,90,128.5,75
m,90,130.4,85
m,90,131.7,90
m,90,133.6,95
m,90,134.9,97
m,90,137.4,99
m,91,114.2,1
m,91,116.3,3
m,91,117.4,5
m,91,119.1,10
m,91,120.3,15
m,91,122.1,25
m,91,125.5,50
m,91,129,75
m,91,130.9,85
m,91,132.2,90
m,91,134.1,95
m,91,135.4,97
m,91,137.9,99
m,92,114.6,1
m,92,116.7,3
m,92,117.8,5
m,92,119.6,10
m,92,120.8,15
m,92,122.6,25
m,92,126,50
m,92,129.5,75
m,92,131.4,85
m,92,132.7,90
m,92,134.6,95
m,92,135.9,97
m,92,138.4,99
m,93,115,1
m,93,117.1,3
m,93,118.3,5
m,93,120,10
m,93,121.2,15
m,93,123,25
m,93,126.5,50
m,93,130,75
m,93,131.9,85
m,93,133.2,90
m,93,135.1,95
m,93,136.4,97
m,93,138.9,99
m,94,115.5,1
m,94,117.6,3
m,94,118.7,5
m,94,120.5,10
m,94,121.7,15
m,94,123.5,25
m,94,126.9,50
m,94,130.4,75
m,94,132.4,85
m,94,133.7,90
m,94,135.7,95
m,94,136.9,97
m,94,139.4,99
m,95,115.9,1
m,95,118,3
m,95,119.2,5
m,95,121,10
m,95,122.2,15
m,95,124,25
m,95,127.4,50
m,95,130.9,75
m,95,132.9,85
m,95,134.2,90
m,95,136.2,95
m,95,137.5,97
m,95,139.9,99
m,96,116.3,1
m,96,118.5,3
m,96,119.6,5
m,96,121.4,10
m,96,122.6,15
m,96,124.4,25
m,96,127.9,50
m,96,131.4,75
m,96,133.3,85
m,96,134.7,90
m,96,136.6,95
m,96,137.9,97
m,96,140.4,99
m,97,116.7,1
m,97,118.9,3
m,97,120,5
m,97,121.8,10
m,97,123.1,15
m,97,124.9,25
m,97,128.3,50
m,97,131.9,75
m,97,133.8,85
m,97,135.1,90
m,97,137.1,95
m,97,138.4,97
m,97,140.9,99
m,98,117.2,1
m,98,119.3,3
m,98,120.5,5
m,98,122.3,10
m,98,123.5,15
m,98,125.3,25
m,98,128.8,50
m,98,132.4,75
m,98,134.3,85
m,98,135.6,90
m,98,137.6,95
m,98,138.9,97
m,98,141.4,99
m,99,117.6,1
m,99,119.8,3
m,99,120.9,5
m,99,122.7,10
m,99,124,15
m,99,125.8,25
m,99,129.3,50
m,99,132.8,75
m,99,134.8,85
m,99,136.1,90
m,99,138.1,95
m,99,139.4,97
m,99,141.9,99
m,100,118,1
m,100,120.2,3
m,100,121.4,5
m,100,123.2,10
m,100,124.4,15
m,100,126.3,25
m,100,129.7,50
m,100,133.3,75
m,100,135.3,85
m,100,136.6,90
m,100,138.6,95
m,100,139.9,97
m,100,142.4,99
m,101,118.4,1
m,101,120.6,3
m,101,121.8,5
m,101,123.6,10
m,101,124.9,15
m,101,126.7,25
m,101,130.2,50
m,101,133.8,75
m,101,135.8,85
m,101,137.1,90
m,101,139.1,95
m,101,140.4,97
m,101,142.9,99
m,102,118.8,1
m,102,121,3
m,102,122.2,5
m,102,124,10
m,102,125.3,15
m,102,127.2,25
m,102,130.7,50
m,102,134.3,75
m,102,136.2,85
m,102,137.6,90
m,102,139.6,95
m,102,140.9,97
m,102,143.4,99
m,103,119.3,1
m,103,121.5,3
m,103,122.6,5
m,103,124.5,10
m,103,125.7,15
m,103,127.6,25
m,103,131.1,50
m,103,134.7,75
m,103,136.7,85
m,103,138.1,90
m,103,140.1,95
m,103,141.4,97
m,103,143.9,99
m,104,119.7,1
m,104,121.9,3
m,104,123.1,5
m,104,124.9,10
m,104,126.2,15
m,104,128,25
m,104,131.6,50
m,104,135.2,75
m,104,137.2,85
m,104,138.5,90
m,104,140.6,95
m,104,141.9,97
m,104,144.4,99
m,105,120.1,1
m,105,122.3,3
m,105,123.5,5
m,105,125.4,10
m,105,126.6,15
m,105,128.5,25
m,105,132.1,50
m,105,135.7,75
m,105,137.7,85
m,105,139,90
m,105,141,95
m,105,142.4,97
m,105,144.9,99
m,106,120.5,1
m,106,122.7,3
m,106,123.9,5
m,106,125.8,10
m,106,127.1,15
m,106,128.9,25
m,106,132.5,50
m,106,136.2,75
m,106,138.1,85
m,106,139.5,90
m,106,141.5,95
m,106,142.9,97
m,106,145.4,99
m,107,120.9,1
m,107,123.2,3
m,107,124.4,5
m,107,126.2,10
m,107,127.5,15
m,107,129.4,25
m,107,133,50
m,107,136.6,75
m,107,138.6,85
m,107,140,90
m,107,142,95
m,107,143.4,97
m,107,145.9,99
m,108,121.3,1
m,108,123.6,3
m,108,124.8,5
m,108,126.6,10
m,108,127.9,15
m,108,129.8,25
m,108,133.4,50
m,108,137.1,75
m,108,139.1,85
m,108,140.5,90
m,108,142.5,95
m,108,143.9,97
m,108,146.5,99
m,109,121.7,1
m,109,124,3
m,109,125.2,5
m,109,127.1,10
m,109,128.3,15
m,109,130.2,25
m,109,133.9,50
m,109,137.6,75
m,109,139.6,85
m,109,141,90
m,109,143,95
m,109,144.4,97
m,109,147,99
m,110,122.1,1
m,110,124.4,3
m,110,125.6,5
m,110,127.5,10
m,110,128.8,15
m,110,130.7,25
m,110,134.3,50
m,110,138,75
m,110,140.1,85
m,110,141.5,90
m,110,143.6,95
m,110,144.9,97
m,110,147.5,99
m,111,122.5,1
m,111,124.8,3
m,111,126,5
m,111,127.9,10
m,111,129.2,15
m,111,131.1,25
m,111,134.8,50
m,111,138.5,75
m,111,140.6,85
m,111,142,90
m,111,144.1,95
m,111,145.4,97
m,111,148.1,99
m,112,122.9,1
m,112,125.2,3
m,112,126.4,5
m,112,128.3,10
m,112,129.6,15
m,112,131.5,25
m,112,135.2,50
m,112,139,75
m,112,141,85
m,112,142.4,90
m,112,144.6,95
m,112,146,97
m,112,148.6,99
m,113,123.3,1
m,113,125.6,3
m,113,126.8,5
m,113,128.7,10
m,113,130,15
m,113,132,25
m,113,135.6,50
m,113,139.4,75
m,113,141.5,85
m,113,142.9,90
m,113,145.1,95
m,113,146.5,97
m,113,149.2,99
m,114,123.7,1
m,114,126,3
m,114,127.2,5
m,114,129.1,10
m,114,130.4,15
m,114,132.4,25
m,114,136.1,50
m,114,139.9,75
m,114,142,85
m,114,143.4,90
m,114,145.6,95
m,114,147,97
m,114,149.7,99
m,115,124.1,1
m,115,126.4,3
m,115,127.6,5
m,115,129.5,10
m,115,130.9,15
m,115,132.8,25
m,115,136.6,50
m,115,140.4,75
m,115,142.5,85
m,115,143.9,90
m,115,146.1,95
m,115,147.5,97
m,115,150.3,99
m,116,124.5,1
m,116,126.8,3
m,116,128,5
m,116,130,10
m,116,131.3,15
m,116,133.3,25
m,116,137,50
m,116,140.9,75
m,116,143,85
m,116,144.5,90
m,116,146.6,95
m,116,148.1,97
m,116,150.8,99
m,117,124.9,1
m,117,127.2,3
m,117,128.4,5
m,117,130.4,10
m,117,131.7,15
m,117,133.7,25
m,117,137.5,50
m,117,141.4,75
m,117,143.5,85
m,117,145,90
m,117,147.2,95
m,117,148.6,97
m,117,151.4,99
m,118,125.3,1
m,118,127.6,3
m,118,128.8,5
m,118,130.8,10
m,118,132.1,15
m,118,134.1,25
m,118,137.9,50
m,118,141.8,75
m,118,144,85
m,118,145.5,90
m,118,147.7,95
m,118,149.1,97
m,118,151.9,99
m,119,125.7,1
m,119,128,3
m,119,129.2,5
m,119,131.2,10
m,119,132.5,15
m,119,134.6,25
m,119,138.4,50
m,119,142.3,75
m,119,144.5,85
m,119,146,90
m,119,148.2,95
m,119,149.7,97
m,119,152.5,99
m,120,126,1
m,120,128.4,3
m,120,129.7,5
m,120,131.6,10
m,120,133,15
m,120,135,25
m,120,138.8,50
m,120,142.8,75
m,120,145,85
m,120,146.5,90
m,120,148.7,95
m,120,150.2,97
m,120,153.1,99
m,121,126.4,1
m,121,128.8,3
m,121,130.1,5
m,121,132.1,10
m,121,133.4,15
m,121,135.4,25
m,121,139.3,50
m,121,143.3,75
m,121,145.5,85
m,121,147,90
m,121,149.3,95
m,121,150.8,97
m,121,153.6,99
m,122,126.8,1
m,122,129.2,3
m,122,130.5,5
m,122,132.5,10
m,122,133.8,15
m,122,135.9,25
m,122,139.8,50
m,122,143.8,75
m,122,146,85
m,122,147.5,90
m,122,149.8,95
m,122,151.3,97
m,122,154.2,99
m,123,127.2,1
m,123,129.6,3
m,123,130.9,5
m,123,132.9,10
m,123,134.3,15
m,123,136.3,25
m,123,140.3,50
m,123,144.3,75
m,123,146.5,85
m,123,148.1,90
m,123,150.4,95
m,123,151.9,97
m,123,154.8,99
m,124,127.6,1
m,124,130,3
m,124,131.3,5
m,124,133.3,10
m,124,134.7,15
m,124,136.8,25
m,124,140.7,50
m,124,144.8,75
m,124,147.1,85
m,124,148.6,90
m,124,150.9,95
m,124,152.4,97
m,124,155.3,99
m,125,128,1
m,125,130.4,3
m,125,131.7,5
m,125,133.7,10
m,125,135.1,15
m,125,137.2,25
m,125,141.2,50
m,125,145.3,75
m,125,147.6,85
m,125,149.1,90
m,125,151.4,95
m,125,153,97
m,125,155.9,99
m,126,128.4,1
m,126,130.8,3
m,126,132.1,5
m,126,134.2,10
m,126,135.6,15
m,126,137.7,25
m,126,141.7,50
m,126,145.8,75
m,126,148.1,85
m,126,149.7,90
m,126,152,95
m,126,153.6,97
m,126,156.5,99
m,127,128.7,1
m,127,131.2,3
m,127,132.5,5
m,127,134.6,10
m,127,136,15
m,127,138.2,25
m,127,142.2,50
m,127,146.4,75
m,127,148.7,85
m,127,150.2,90
m,127,152.6,95
m,127,154.1,97
m,127,157.1,99
m,128,129.1,1
m,128,131.6,3
m,128,132.9,5
m,128,135,10
m,128,136.5,15
m,128,138.6,25
m,128,142.7,50
m,128,146.9,75
m,128,149.2,85
m,128,150.8,90
m,128,153.2,95
m,128,154.7,97
m,128,157.7,99
m,129,129.5,1
m,129,132,3
m,129,133.4,5
m,129,135.5,10
m,129,136.9,15
m,129,139.1,25
m,129,143.2,50
m,129,147.4,75
m,129,149.7,85
m,129,151.3,90
m,129,153.7,95
m,129,155.3,97
m,129,158.3,99
m,130,129.9,1
m,130,132.4,3
m,130,133.8,5
m,130,135.9,10
m,130,137.4,15
m,130,139.5,25
m,130,143.7,50
m,130,147.9,75
m,130,150.3,85
m,130,151.9,90
m,130,154.3,95
m,130,155.9,97
m,130,158.9,99
m,131,130.2,1
m,131,132.8,3
m,131,134.2,5
m,131,136.3,10
m,131,137.8,15
m,131,140,25
m,131,144.2,50
m,131,148.5,75
m,131,150.8,85
m,131,152.4,90
m,131,154.9,95
m,131,156.5,97
m,131,159.5,99
m,132,130.6,1
m,132,133.2,3
m,132,134.6,5
m,132,136.8,10
m,132,138.3,15
m,132,140.5,25
m,132,144.7,50
m,132,149,75
m,132,151.4,85
m,132,153,90
m,132,155.5,95
m,132,157.1,97
m,132,160.2,99
m,133,131,1
m,133,133.6,3
m,133,135,5
m,133,137.2,10
m,133,138.7,15
m,133,141,25
m,133,145.2,50
m,133,149.6,75
m,133,152,85
m,133,153.6,90
m,133,156.1,95
m,133,157.7,97
m,133,160.8,99
m,134,131.4,1
m,134,134,3
m,134,135.5,5
m,134,137.7,10
m,134,139.2,15
m,134,141.5,25
m,134,145.8,50
m,134,150.2,75
m,134,152.6,85
m,134,154.2,90
m,134,156.7,95
m,134,158.3,97
m,134,161.4,99
m,135,131.7,1
m,135,134.4,3
m,135,135.9,5
m,135,138.1,10
m,135,139.7,15
m,135,141.9,25
m,135,146.3,50
m,135,150.7,75
m,135,153.2,85
m,135,154.8,90
m,135,157.3,95
m,135,159,97
m,135,162.1,99
m,136,132.1,1
m,136,134.8,3
m,136,136.3,5
m,136,138.6,10
m,136,140.1,15
m,136,142.4,25
m,136,146.8,50
m,136,151.3,75
m,136,153.8,85
m,136,155.4,90
m,136,157.9,95
m,136,159.6,97
m,136,162.7,99
m,137,132.5,1
m,137,135.2,3
m,137,136.7,5
m,137,139,10
m,137,140.6,15
m,137,142.9,25
m,137,147.4,50
m,137,151.9,75
m,137,154.3,85
m,137,156,90
m,137,158.5,95
m,137,160.2,97
m,137,163.3,99
m,138,132.8,1
m,138,135.7,3
m,138,137.2,5
m,138,139.5,10
m,138,141.1,15
m,138,143.5,25
m,138,147.9,50
m,138,152.5,75
m,138,155,85
m,138,156.7,90
m,138,159.2,95
m,138,160.8,97
m,138,164,99
m,139,133.2,1
m,139,136.1,3
m,139,137.6,5
m,139,140,10
m,139,141.6,15
m,139,144,25
m,139,148.5,50
m,139,153.1,75
m,139,155.6,85
m,139,157.3,90
m,139,159.8,95
m,139,161.5,97
m,139,164.6,99
m,140,133.6,1
m,140,136.5,3
m,140,138.1,5
m,140,140.5,10
m,140,142.1,15
m,140,144.5,25
m,140,149.1,50
m,140,153.7,75
m,140,156.2,85
m,140,157.9,90
m,140,160.5,95
m,140,162.1,97
m,140,165.3,99
m,141,134,1
m,141,136.9,3
m,141,138.5,5
m,141,140.9,10
m,141,142.6,15
m,141,145.1,25
m,141,149.7,50
m,141,154.3,75
m,141,156.8,85
m,141,158.6,90
m,141,161.1,95
m,141,162.8,97
m,141,166,99
m,142,134.4,1
m,142,137.4,3
m,142,139,5
m,142,141.4,10
m,142,143.1,15
m,142,145.6,25
m,142,150.2,50
m,142,154.9,75
m,142,157.5,85
m,142,159.2,90
m,142,161.8,95
m,142,163.4,97
m,142,166.6,99
m,143,134.7,1
m,143,137.8,3
m,143,139.4,5
m,143,141.9,10
m,143,143.6,15
m,143,146.1,25
m,143,150.8,50
m,143,155.6,75
m,143,158.1,85
m,143,159.8,90
m,143,162.4,95
m,143,164.1,97
m,143,167.3,99
m,144,135.1,1
m,144,138.2,3
m,144,139.9,5
m,144,142.4,10
m,144,144.1,15
m,144,146.7,25
m,144,151.4,50
m,144,156.2,75
m,144,158.7,85
m,144,160.5,90
m,144,163,95
m,144,164.7,97
m,144,167.9,99
m,145,135.6,1
m,145,138.7,3
m,145,140.4,5
m,145,143,10
m,145,144.7,15
m,145,147.2,25
m,145,152,50
m,145,156.8,75
m,145,159.4,85
m,145,161.1,90
m,145,163.7,95
m,145,165.4,97
m,145,168.5,99
m,146,136,1
m,146,139.2,3
m,146,140.9,5
m,146,143.5,10
m,146,145.2,15
m,146,147.8,25
m,146,152.6,50
m,146,157.4,75
m,146,160,85
m,146,161.7,90
m,146,164.3,95
m,146,166,97
m,146,169.1,99
m,147,136.4,1
m,147,139.6,3
m,147,141.3,5
m,147,144,10
m,147,145.8,15
m,147,148.4,25
m,147,153.2,50
m,147,158.1,75
m,147,160.6,85
m,147,162.4,90
m,147,165,95
m,147,166.6,97
m,147,169.8,99
m,148,136.8,1
m,148,140.1,3
m,148,141.8,5
m,148,144.5,10
m,148,146.3,15
m,148,149,25
m,148,153.8,50
m,148,158.7,75
m,148,161.3,85
m,148,163,90
m,148,165.6,95
m,148,167.3,97
m,148,170.4,99
m,149,137.2,1
m,149,140.6,3
m,149,142.3,5
m,149,145,10
m,149,146.8,15
m,149,149.5,25
m,149,154.4,50
m,149,159.3,75
m,149,161.9,85
m,149,163.7,90
m,149,166.2,95
m,149,167.9,97
m,149,171,99
m,150,137.7,1
m,150,141.1,3
m,150,142.9,5
m,150,145.6,10
m,150,147.4,15
m,150,150.1,25
m,150,155,50
m,150,159.9,75
m,150,162.5,85
m,150,164.2,90
m,150,166.8,95
m,150,168.5,97
m,150,171.6,99
m,151,138.1,1
m,151,141.6,3
m,151,143.4,5
m,151,146.1,10
m,151,148,15
m,151,150.7,25
m,151,155.6,50
m,151,160.5,75
m,151,163.1,85
m,151,164.8,90
m,151,167.4,95
m,151,169.1,97
m,151,172.1,99
m,152,138.6,1
m,152,142.1,3
m,152,143.9,5
m,152,146.7,10
m,152,148.6,15
m,152,151.3,25
m,152,156.2,50
m,152,161.1,75
m,152,163.7,85
m,152,165.4,90
m,152,168,95
m,152,169.6,97
m,152,172.7,99
m,153,139.1,1
m,153,142.6,3
m,153,144.4,5
m,153,147.2,10
m,153,149.1,15
m,153,151.9,25
m,153,156.8,50
m,153,161.7,75
m,153,164.3,85
m,153,166,90
m,153,168.6,95
m,153,170.2,97
m,153,173.3,99
m,154,139.5,1
m,154,143.1,3
m,154,145,5
m,154,147.8,10
m,154,149.7,15
m,154,152.4,25
m,154,157.4,50
m,154,162.3,75
m,154,164.9,85
m,154,166.6,90
m,154,169.2,95
m,154,170.8,97
m,154,173.8,99
m,155,140,1
m,155,143.6,3
m,155,145.5,5
m,155,148.4,10
m,155,150.3,15
m,155,153,25
m,155,158.1,50
m,155,162.9,75
m,155,165.5,85
m,155,167.2,90
m,155,169.8,95
m,155,171.4,97
m,155,174.4,99
m,156,140.5,1
m,156,144.2,3
m,156,146.1,5
m,156,148.9,10
m,156,150.8,15
m,156,153.6,25
m,156,158.6,50
m,156,163.5,75
m,156,166.1,85
m,156,167.8,90
m,156,170.3,95
m,156,171.9,97
m,156,174.9,99
m,157,141,1
m,157,144.7,3
m,157,146.6,5
m,157,149.5,10
m,157,151.4,15
m,157,154.2,25
m,157,159.2,50
m,157,164.1,75
m,157,166.6,85
m,157,168.3,90
m,157,170.8,95
m,157,172.4,97
m,157,175.3,99
m,158,141.5,1
m,158,145.2,3
m,158,147.1,5
m,158,150,10
m,158,152,15
m,158,154.7,25
m,158,159.8,50
m,158,164.6,75
m,158,167.1,85
m,158,168.8,90
m,158,171.3,95
m,158,172.8,97
m,158,175.8,99
m,159,142,1
m,159,145.8,3
m,159,147.7,5
m,159,150.6,10
m,159,152.5,15
m,159,155.3,25
m,159,160.3,50
m,159,165.2,75
m,159,167.7,85
m,159,169.3,90
m,159,171.8,95
m,159,173.3,97
m,159,176.2,99
m,160,142.5,1
m,160,146.3,3
m,160,148.2,5
m,160,151.2,10
m,160,153.1,15
m,160,155.9,25
m,160,160.9,50
m,160,165.7,75
m,160,168.2,85
m,160,169.9,90
m,160,172.3,95
m,160,173.8,97
m,160,176.7,99
m,161,143,1
m,161,146.8,3
m,161,148.8,5
m,161,151.7,10
m,161,153.7,15
m,161,156.5,25
m,161,161.5,50
m,161,166.3,75
m,161,168.8,85
m,161,170.4,90
m,161,172.8,95
m,161,174.3,97
m,161,177.2,99
m,162,143.5,1
m,162,147.4,3
m,162,149.3,5
m,162,152.3,10
m,162,154.2,15
m,162,157,25
m,162,162,50
m,162,166.7,75
m,162,169.2,85
m,162,170.8,90
m,162,173.2,95
m,162,174.7,97
m,162,177.5,99
m,163,144.1,1
m,163,147.9,3
m,163,149.9,5
m,163,152.8,10
m,163,154.8,15
m,163,157.6,25
m,163,162.5,50
m,163,167.2,75
m,163,169.6,85
m,163,171.3,90
m,163,173.6,95
m,163,175.1,97
m,163,177.8,99
m,164,144.6,1
m,164,148.5,3
m,164,150.4,5
m,164,153.4,10
m,164,155.3,15
m,164,158.1,25
m,164,163,50
m,164,167.7,75
m,164,170.1,85
m,164,171.7,90
m,164,174,95
m,164,175.5,97
m,164,178.2,99
m,165,145.1,1
m,165,149,3
m,165,151,5
m,165,153.9,10
m,165,155.9,15
m,165,158.6,25
m,165,163.5,50
m,165,168.2,75
m,165,170.5,85
m,165,172.1,90
m,165,174.4,95
m,165,175.8,97
m,165,178.5,99
m,166,145.6,1
m,166,149.5,3
m,166,151.5,5
m,166,154.5,10
m,166,156.4,15
m,166,159.2,25
m,166,164,50
m,166,168.6,75
m,166,171,85
m,166,172.5,90
m,166,174.8,95
m,166,176.2,97
m,166,178.9,99
m,167,146.2,1
m,167,150.1,3
m,167,152.1,5
m,167,155,10
m,167,157,15
m,167,159.7,25
m,167,164.5,50
m,167,169.1,75
m,167,171.4,85
m,167,173,90
m,167,175.2,95
m,167,176.6,97
m,167,179.2,99
m,168,146.7,1
m,168,150.6,3
m,168,152.6,5
m,168,155.5,10
m,168,157.4,15
m,168,160.2,25
m,168,165,50
m,168,169.5,75
m,168,171.8,85
m,168,173.3,90
m,168,175.5,95
m,168,176.9,97
m,168,179.5,99
m,169,147.3,1
m,169,151.2,3
m,169,153.1,5
m,169,156,10
m,169,157.9,15
m,169,160.6,25
m,169,165.4,50
m,169,169.8,75
m,169,172.1,85
m,169,173.6,90
m,169,175.8,95
m,169,177.2,97
m,169,179.7,99
m,170,147.8,1
m,170,151.7,3
m,170,153.6,5
m,170,156.5,10
m,170,158.4,15
m,170,161.1,25
m,170,165.8,50
m,170,170.2,75
m,170,172.5,85
m,170,174,90
m,170,176.1,95
m,170,177.5,97
m,170,180,99
m,171,148.4,1
m,171,152.2,3
m,171,154.2,5
m,171,157,10
m,171,158.9,15
m,171,161.5,25
m,171,166.2,50
m,171,170.6,75
m,171,172.8,85
m,171,174.3,90
m,171,176.4,95
m,171,177.8,97
m,171,180.2,99
m,172,149,1
m,172,152.8,3
m,172,154.7,5
m,172,157.5,10
m,172,159.4,15
m,172,162,25
m,172,166.6,50
m,172,171,75
m,172,173.2,85
m,172,174.6,90
m,172,176.7,95
m,172,178,97
m,172,180.5,99
m,173,149.5,1
m,173,153.3,3
m,173,155.2,5
m,173,158,10
m,173,159.9,15
m,173,162.5,25
m,173,167,50
m,173,171.3,75
m,173,173.5,85
m,173,174.9,90
m,173,177,95
m,173,178.3,97
m,173,180.7,99
m,174,150,1
m,174,153.8,3
m,174,155.6,5
m,174,158.4,10
m,174,160.2,15
m,174,162.8,25
m,174,167.4,50
m,174,171.6,75
m,174,173.8,85
m,174,175.2,90
m,174,177.3,95
m,174,178.6,97
m,174,181,99
m,175,150.5,1
m,175,154.2,3
m,175,156.1,5
m,175,158.8,10
m,175,160.6,15
m,175,163.2,25
m,175,167.7,50
m,175,171.9,75
m,175,174,85
m,175,175.4,90
m,175,177.5,95
m,175,178.8,97
m,175,181.2,99
m,176,151.1,1
m,176,154.7,3
m,176,156.5,5
m,176,159.3,10
m,176,161,15
m,176,163.6,25
m,176,168,50
m,176,172.2,75
m,176,174.3,85
m,176,175.7,90
m,176,177.7,95
m,176,179,97
m,176,181.4,99
m,177,151.6,1
m,177,155.2,3
m,177,157,5
m,177,159.7,10
m,177,161.4,15
m,177,163.9,25
m,177,168.3,50
m,177,172.4,75
m,177,174.6,85
m,177,175.9,90
m,177,178,95
m,177,179.2,97
m,177,181.6,99
m,178,152.1,1
m,178,155.6,3
m,178,157.4,5
m,178,160.1,10
m,178,161.8,15
m,178,164.3,25
m,178,168.6,50
m,178,172.7,75
m,178,174.8,85
m,178,176.2,90
m,178,178.2,95
m,178,179.5,97
m,178,181.8,99
m,179,152.6,1
m,179,156.1,3
m,179,157.9,5
m,179,160.5,10
m,179,162.2,15
m,179,164.6,25
m,179,169,50
m,179,173,75
m,179,175.1,85
m,179,176.4,90
m,179,178.4,95
m,179,179.7,97
m,179,182,99
m,180,153.1,1
m,180,156.5,3
m,180,158.2,5
m,180,160.8,10
m,180,162.5,15
m,180,164.9,25
m,180,169.2,50
m,180,173.2,75
m,180,175.3,85
m,180,176.6,90
m,180,178.6,95
m,180,179.9,97
m,180,182.2,99
m,181,153.5,1
m,181,156.8,3
m,181,158.6,5
m,181,161.1,10
m,181,162.8,15
m,181,165.2,25
m,181,169.4,50
m,181,173.4,75
m,181,175.5,85
m,181,176.8,90
m,181,178.8,95
m,181,180,97
m,181,182.3,99
m,182,153.9,1
m,182,157.2,3
m,182,158.9,5
m,182,161.4,10
m,182,163.1,15
m,182,165.4,25
m,182,169.6,50
m,182,173.6,75
m,182,175.6,85
m,182,177,90
m,182,179,95
m,182,180.2,97
m,182,182.5,99
m,183,154.3,1
m,183,157.6,3
m,183,159.2,5
m,183,161.7,10
m,183,163.4,15
m,183,165.7,25
m,183,169.9,50
m,183,173.8,75
m,183,175.8,85
m,183,177.2,90
m,183,179.1,95
m,183,180.4,97
m,183,182.7,99
m,184,154.8,1
m,184,158,3
m,184,159.6,5
m,184,162,10
m,184,163.6,15
m,184,166,25
m,184,170.1,50
m,184,174,75
m,184,176,85
m,184,177.4,90
m,184,179.3,95
m,184,180.6,97
m,184,182.9,99
m,185,155.2,1
m,185,158.3,3
m,185,159.9,5
m,185,162.3,10
m,185,163.9,15
m,185,166.2,25
m,185,170.3,50
m,185,174.2,75
m,185,176.2,85
m,185,177.6,90
m,185,179.5,95
m,185,180.7,97
m,185,183,99
m,186,155.5,1
m,186,158.6,3
m,186,160.2,5
m,186,162.6,10
m,186,164.1,15
m,186,166.4,25
m,186,170.5,50
m,186,174.3,75
m,186,176.4,85
m,186,177.7,90
m,186,179.6,95
m,186,180.9,97
m,186,183.2,99
m,187,155.9,1
m,187,158.9,3
m,187,160.5,5
m,187,162.8,10
m,187,164.4,15
m,187,166.6,25
m,187,170.6,50
m,187,174.5,75
m,187,176.5,85
m,187,177.8,90
m,187,179.8,95
m,187,181,97
m,187,183.3,99
m,188,156.2,1
m,188,159.2,3
m,188,160.7,5
m,188,163,10
m,188,164.6,15
m,188,166.8,25
m,188,170.8,50
m,188,174.6,75
m,188,176.6,85
m,188,178,90
m,188,179.9,95
m,188,181.2,97
m,188,183.5,99
m,189,156.6,1
m,189,159.5,3
m,189,161,5
m,189,163.3,10
m,189,164.8,15
m,189,167,25
m,189,171,50
m,189,174.8,75
m,189,176.8,85
m,189,178.1,90
m,189,180.1,95
m,189,181.3,97
m,189,183.6,99
m,190,156.9,1
m,190,159.8,3
m,190,161.3,5
m,190,163.5,10
m,190,165,15
m,190,167.2,25
m,190,171.1,50
m,190,174.9,75
m,190,176.9,85
m,190,178.3,90
m,190,180.2,95
m,190,181.5,97
m,190,183.8,99
m,191,157.3,1
m,191,160.1,3
m,191,161.5,5
m,191,163.8,10
m,191,165.2,15
m,191,167.4,25
m,191,171.3,50
m,191,175.1,75
m,191,177.1,85
m,191,178.4,90
m,191,180.3,95
m,191,181.6,97
m,191,183.9,99
m,192,157.5,1
m,192,160.3,3
m,192,161.7,5
m,192,163.9,10
m,192,165.4,15
m,192,167.5,25
m,192,171.4,50
m,192,175.2,75
m,192,177.2,85
m,192,178.5,90
m,192,180.5,95
m,192,181.7,97
m,192,184.1,99
m,193,157.8,1
m,193,160.5,3
m,193,161.9,5
m,193,164.1,10
m,193,165.5,15
m,193,167.7,25
m,193,171.5,50
m,193,175.3,75
m,193,177.3,85
m,193,178.6,90
m,193,180.6,95
m,193,181.8,97
m,193,184.2,99
m,194,158,1
m,194,160.7,3
m,194,162.1,5
m,194,164.3,10
m,194,165.7,15
m,194,167.8,25
m,194,171.6,50
m,194,175.4,75
m,194,177.4,85
m,194,178.7,90
m,194,180.7,95
m,194,182,97
m,194,184.3,99
m,195,158.3,1
m,195,160.9,3
m,195,162.3,5
m,195,164.4,10
m,195,165.9,15
m,195,167.9,25
m,195,171.8,50
m,195,175.5,75
m,195,177.5,85
m,195,178.8,90
m,195,180.8,95
m,195,182.1,97
m,195,184.5,99
m,196,158.5,1
m,196,161.2,3
m,196,162.5,5
m,196,164.6,10
m,196,166,15
m,196,168.1,25
m,196,171.9,50
m,196,175.6,75
m,196,177.6,85
m,196,179,90
m,196,180.9,95
m,196,182.2,97
m,196,184.6,99
m,197,158.8,1
m,197,161.4,3
m,197,162.7,5
m,197,164.8,10
m,197,166.2,15
m,197,168.2,25
m,197,172,50
m,197,175.7,75
m,197,177.7,85
m,197,179.1,90
m,197,181,95
m,197,182.3,97
m,197,184.7,99
m,198,158.9,1
m,198,161.5,3
m,198,162.8,5
m,198,164.9,10
m,198,166.3,15
m,198,168.3,25
m,198,172.1,50
m,198,175.8,75
m,198,177.8,85
m,198,179.2,90
m,198,181.1,95
m,198,182.4,97
m,198,184.8,99
m,199,159.1,1
m,199,161.6,3
m,199,163,5
m,199,165,10
m,199,166.4,15
m,199,168.4,25
m,199,172.2,50
m,199,175.9,75
m,199,177.9,85
m,199,179.3,90
m,199,181.3,95
m,199,182.5,97
m,199,185,99
m,200,159.2,1
m,200,161.8,3
m,200,163.1,5
m,200,165.1,10
m,200,166.5,15
m,200,168.5,25
m,200,172.3,50
m,200,176,75
m,200,178,85
m,200,179.4,90
m,200,181.4,95
m,200,182.6,97
m,200,185.1,99
m,201,159.4,1
m,201,161.9,3
m,201,163.2,5
m,201,165.2,10
m,201,166.6,15
m,201,168.6,25
m,201,172.4,50
m,201,176.1,75
m,201,178.1,85
m,201,179.5,90
m,201,181.5,95
m,201,182.8,97
m,201,185.2,99
m,202,159.5,1
m,202,162,3
m,202,163.3,5
m,202,165.3,10
m,202,166.7,15
m,202,168.7,25
m,202,172.5,50
m,202,176.2,75
m,202,178.2,85
m,202,179.6,90
m,202,181.6,95
m,202,182.9,97
m,202,185.3,99
m,203,159.7,1
m,203,162.1,3
m,203,163.4,5
m,203,165.5,10
m,203,166.8,15
m,203,168.8,25
m,203,172.6,50
m,203,176.3,75
m,203,178.3,85
m,203,179.7,90
m,203,181.7,95
m,203,183,97
m,203,185.4,99
m,204,159.8,1
m,204,162.2,3
m,204,163.5,5
m,204,165.5,10
m,204,166.9,15
m,204,168.9,25
m,204,172.6,50
m,204,176.4,75
m,204,178.4,85
m,204,179.7,90
m,204,181.8,95
m,204,183.1,97
m,204,185.5,99
m,205,159.9,1
m,205,162.3,3
m,205,163.6,5
m,205,165.6,10
m,205,167,15
m,205,169,25
m,205,172.7,50
m,205,176.5,75
m,205,178.5,85
m,205,179.8,90
m,205,181.9,95
m,205,183.2,97
m,205,185.7,99
m,206,160,1
m,206,162.4,3
m,206,163.7,5
m,206,165.7,10
m,206,167.1,15
m,206,169.1,25
m,206,172.8,50
m,206,176.5,75
m,206,178.6,85
m,206,179.9,90
m,206,182,95
m,206,183.3,97
m,206,185.8,99
m,207,160.1,1
m,207,162.5,3
m,207,163.8,5
m,207,165.8,10
m,207,167.1,15
m,207,169.1,25
m,207,172.9,50
m,207,176.6,75
m,207,178.6,85
m,207,180,90
m,207,182,95
m,207,183.4,97
m,207,185.9,99
m,208,160.2,1
m,208,162.6,3
m,208,163.9,5
m,208,165.9,10
m,208,167.2,15
m,208,169.2,25
m,208,173,50
m,208,176.7,75
m,208,178.7,85
m,208,180.1,90
m,208,182.1,95
m,208,183.5,97
m,208,186,99
m,209,160.3,1
m,209,162.7,3
m,209,164,5
m,209,166,10
m,209,167.3,15
m,209,169.3,25
m,209,173,50
m,209,176.8,75
m,209,178.8,85
m,209,180.2,90
m,209,182.2,95
m,209,183.6,97
m,209,186.1,99
m,210,160.4,1
m,210,162.8,3
m,210,164.1,5
m,210,166.1,10
m,210,167.4,15
m,210,169.4,25
m,210,173.1,50
m,210,176.9,75
m,210,178.9,85
m,210,180.3,90
m,210,182.3,95
m,210,183.7,97
m,210,186.2,99
m,211,160.5,1
m,211,162.9,3
m,211,164.2,5
m,211,166.1,10
m,211,167.5,15
m,211,169.5,25
m,211,173.2,50
m,211,177,75
m,211,179,85
m,211,180.4,90
m,211,182.4,95
m,211,183.8,97
m,211,186.3,99
m,212,160.6,1
m,212,163,3
m,212,164.3,5
m,212,166.2,10
m,212,167.6,15
m,212,169.6,25
m,212,173.3,50
m,212,177,75
m,212,179.1,85
m,212,180.5,90
m,212,182.5,95
m,212,183.9,97
m,212,186.4,99
m,213,160.7,1
m,213,163.1,3
m,213,164.3,5
m,213,166.3,10
m,213,167.7,15
m,213,169.6,25
m,213,173.4,50
m,213,177.1,75
m,213,179.2,85
m,213,180.6,90
m,213,182.6,95
m,213,184,97
m,213,186.5,99
m,214,160.8,1
m,214,163.2,3
m,214,164.4,5
m,214,166.4,10
m,214,167.7,15
m,214,169.7,25
m,214,173.4,50
m,214,177.2,75
m,214,179.3,85
m,214,180.6,90
m,214,182.7,95
m,214,184.1,97
m,214,186.6,99
m,215,160.9,1
m,215,163.3,3
m,215,164.5,5
m,215,166.5,10
m,215,167.8,15
m,215,169.8,25
m,215,173.5,50
m,215,177.3,75
m,215,179.3,85
m,215,180.7,90
m,215,182.8,95
m,215,184.2,97
m,215,186.7,99
m,216,161,1
m,216,163.3,3
m,216,164.6,5
m,216,166.6,10
m,216,167.9,15
m,216,169.9,25
m,216,173.6,50
m,216,177.4,75
m,216,179.4,85
m,216,180.8,90
m,216,182.9,95
m,216,184.3,97
m,216,186.8,99
m,217,161.1,1
m,217,163.4,3
m,217,164.7,5
m,217,166.7,10
m,217,168,15
m,217,170,25
m,217,173.7,50
m,217,177.5,75
m,217,179.5,85
m,217,180.9,90
m,217,183,95
m,217,184.4,97
m,217,187,99
m,218,161.2,1
m,218,163.5,3
m,218,164.8,5
m,218,166.7,10
m,218,168.1,15
m,218,170,25
m,218,173.8,50
m,218,177.5,75
m,218,179.6,85
m,218,181,90
m,218,183.1,95
m,218,184.5,97
m,218,187.1,99
m,219,161.3,1
m,219,163.6,3
m,219,164.9,5
m,219,166.8,10
m,219,168.2,15
m,219,170.1,25
m,219,173.8,50
m,219,177.6,75
m,219,179.7,85
m,219,181.1,90
m,219,183.2,95
m,219,184.6,97
m,219,187.2,99
m,220,161.4,1
m,220,163.7,3
m,220,165,5
m,220,166.9,10
m,220,168.2,15
m,220,170.2,25
m,220,173.9,50
m,220,177.7,75
m,220,179.8,85
m,220,181.2,90
m,220,183.3,95
m,220,184.7,97
m,220,187.3,99
m,221,161.5,1
m,221,163.8,3
m,221,165.1,5
m,221,167,10
m,221,168.3,15
m,221,170.3,25
m,221,174,50
m,221,177.8,75
m,221,179.9,85
m,221,181.3,90
m,221,183.4,95
m,221,184.8,97
m,221,187.4,99
m,222,161.6,1
m,222,163.9,3
m,222,165.1,5
m,222,167.1,10
m,222,168.4,15
m,222,170.4,25
m,222,174.1,50
m,222,177.9,75
m,222,179.9,85
m,222,181.3,90
m,222,183.5,95
m,222,184.8,97
m,222,187.5,99
m,223,161.7,1
m,223,164,3
m,223,165.2,5
m,223,167.2,10
m,223,168.5,15
m,223,170.4,25
m,223,174.2,50
m,223,177.9,75
m,223,180,85
m,223,181.4,90
m,223,183.6,95
m,223,184.9,97
m,223,187.6,99
m,224,161.8,1
m,224,164.1,3
m,224,165.3,5
m,224,167.3,10
m,224,168.6,15
m,224,170.5,25
m,224,174.2,50
m,224,178,75
m,224,180.1,85
m,224,181.5,90
m,224,183.7,95
m,224,185,97
m,224,187.7,99
m,225,161.9,1
m,225,164.2,3
m,225,165.4,5
m,225,167.3,10
m,225,168.6,15
m,225,170.6,25
m,225,174.3,50
m,225,178.1,75
m,225,180.2,85
m,225,181.6,90
m,225,183.7,95
m,225,185.1,97
m,225,187.8,99
m,226,162,1
m,226,164.3,3
m,226,165.5,5
m,226,167.4,10
m,226,168.7,15
m,226,170.7,25
m,226,174.4,50
m,226,178.2,75
m,226,180.3,85
m,226,181.7,90
m,226,183.8,95
m,226,185.2,97
m,226,187.9,99
m,227,162.1,1
m,227,164.4,3
m,227,165.6,5
m,227,167.5,10
m,227,168.8,15
m,227,170.8,25
m,227,174.5,50
m,227,178.3,75
m,227,180.4,85
m,227,181.8,90
m,227,183.9,95
m,227,185.3,97
m,227,188,99
f,0,44.8,1
f,0,45.6,3
f,0,46.1,5
f,0,46.8,10
f,0,47.2,15
f,0,47.9,25
f,0,49.1,50
f,0,50.4,75
f,0,51.1,85
f,0,51.5,90
f,0,52.2,95
f,0,52.7,97
f,0,53.5,99
f,1,49.1,1
f,1,50,3
f,1,50.5,5
f,1,51.2,10
f,1,51.7,15
f,1,52.4,25
f,1,53.7,50
f,1,55,75
f,1,55.7,85
f,1,56.2,90
f,1,56.9,95
f,1,57.4,97
f,1,58.2,99
f,2,52.3,1
f,2,53.2,3
f,2,53.7,5
f,2,54.5,10
f,2,55,15
f,2,55.7,25
f,2,57.1,50
f,2,58.4,75
f,2,59.2,85
f,2,59.7,90
f,2,60.4,95
f,2,60.9,97
f,2,61.8,99
f,3,54.9,1
f,3,55.8,3
f,3,56.3,5
f,3,57.1,10
f,3,57.6,15
f,3,58.4,25
f,3,59.8,50
f,3,61.2,75
f,3,62,85
f,3,62.5,90
f,3,63.3,95
f,3,63.8,97
f,3,64.7,99
f,4,57.1,1
f,4,58,3
f,4,58.5,5
f,4,59.3,10
f,4,59.8,15
f,4,60.6,25
f,4,62.1,50
f,4,63.5,75
f,4,64.3,85
f,4,64.9,90
f,4,65.7,95
f,4,66.2,97
f,4,67.1,99
f,5,58.9,1
f,5,59.9,3
f,5,60.4,5
f,5,61.2,10
f,5,61.7,15
f,5,62.5,25
f,5,64,50
f,5,65.5,75
f,5,66.3,85
f,5,66.9,90
f,5,67.7,95
f,5,68.2,97
f,5,69.2,99
f,6,60.5,1
f,6,61.5,3
f,6,62,5
f,6,62.8,10
f,6,63.4,15
f,6,64.2,25
f,6,65.7,50
f,6,67.3,75
f,6,68.1,85
f,6,68.6,90
f,6,69.5,95
f,6,70,97
f,6,71,99
f,7,61.9,1
f,7,62.9,3
f,7,63.5,5
f,7,64.3,10
f,7,64.9,15
f,7,65.7,25
f,7,67.3,50
f,7,68.8,75
f,7,69.7,85
f,7,70.3,90
f,7,71.1,95
f,7,71.6,97
f,7,72.7,99
f,8,63.2,1
f,8,64.3,3
f,8,64.9,5
f,8,65.7,10
f,8,66.3,15
f,8,67.2,25
f,8,68.7,50
f,8,70.3,75
f,8,71.2,85
f,8,71.8,90
f,8,72.6,95
f,8,73.2,97
f,8,74.3,99
f,9,64.5,1
f,9,65.6,3
f,9,66.2,5
f,9,67,10
f,9,67.6,15
f,9,68.5,25
f,9,70.1,50
f,9,71.8,75
f,9,72.6,85
f,9,73.2,90
f,9,74.1,95
f,9,74.7,97
f,9,75.8,99
f,10,65.7,1
f,10,66.8,3
f,10,67.4,5
f,10,68.3,10
f,10,68.9,15
f,10,69.8,25
f,10,71.5,50
f,10,73.1,75
f,10,74,85
f,10,74.6,90
f,10,75.5,95
f,10,76.1,97
f,10,77.2,99
f,11,66.9,1
f,11,68,3
f,11,68.6,5
f,11,69.5,10
f,11,70.2,15
f,11,71.1,25
f,11,72.8,50
f,11,74.5,75
f,11,75.4,85
f,11,76,90
f,11,76.9,95
f,11,77.5,97
f,11,78.6,99
f,12,68,1
f,12,69.2,3
f,12,69.8,5
f,12,70.7,10
f,12,71.3,15
f,12,72.3,25
f,12,74,50
f,12,75.8,75
f,12,76.7,85
f,12,77.3,90
f,12,78.3,95
f,12,78.9,97
f,12,80,99
f,13,69.1,1
f,13,70.3,3
f,13,70.9,5
f,13,71.8,10
f,13,72.5,15
f,13,73.4,25
f,13,75.2,50
f,13,77,75
f,13,77.9,85
f,13,78.6,90
f,13,79.5,95
f,13,80.2,97
f,13,81.3,99
f,14,70.1,1
f,14,71.3,3
f,14,72,5
f,14,72.9,10
f,14,73.6,15
f,14,74.6,25
f,14,76.4,50
f,14,78.2,75
f,14,79.2,85
f,14,79.8,90
f,14,80.8,95
f,14,81.4,97
f,14,82.6,99
f,15,71.1,1
f,15,72.4,3
f,15,73,5
f,15,74,10
f,15,74.7,15
f,15,75.7,25
f,15,77.5,50
f,15,79.4,75
f,15,80.3,85
f,15,81,90
f,15,82,95
f,15,82.7,97
f,15,83.9,99
f,16,72.1,1
f,16,73.3,3
f,16,74,5
f,16,75,10
f,16,75.7,15
f,16,76.7,25
f,16,78.6,50
f,16,80.5,75
f,16,81.5,85
f,16,82.2,90
f,16,83.2,95
f,16,83.9,97
f,16,85.1,99
f,17,73,1
f,17,74.3,3
f,17,75,5
f,17,76,10
f,17,76.7,15
f,17,77.7,25
f,17,79.7,50
f,17,81.6,75
f,17,82.6,85
f,17,83.3,90
f,17,84.4,95
f,17,85,97
f,17,86.3,99
f,18,74,1
f,18,75.2,3
f,18,75.9,5
f,18,77,10
f,18,77.7,15
f,18,78.7,25
f,18,80.7,50
f,18,82.7,75
f,18,83.7,85
f,18,84.4,90
f,18,85.5,95
f,18,86.2,97
f,18,87.5,99
f,19,74.8,1
f,19,76.2,3
f,19,76.9,5
f,19,77.9,10
f,19,78.7,15
f,19,79.7,25
f,19,81.7,50
f,19,83.7,75
f,19,84.8,85
f,19,85.5,90
f,19,86.6,95
f,19,87.3,97
f,19,88.6,99
f,20,75.7,1
f,20,77,3
f,20,77.7,5
f,20,78.8,10
f,20,79.6,15
f,20,80.7,25
f,20,82.7,50
f,20,84.7,75
f,20,85.8,85
f,20,86.6,90
f,20,87.7,95
f,20,88.4,97
f,20,89.7,99
f,21,76.5,1
f,21,77.9,3
f,21,78.6,5
f,21,79.7,10
f,21,80.5,15
f,21,81.6,25
f,21,83.7,50
f,21,85.7,75
f,21,86.8,85
f,21,87.6,90
f,21,88.7,95
f,21,89.4,97
f,21,90.8,99
f,22,77.3,1
f,22,78.7,3
f,22,79.5,5
f,22,80.6,10
f,22,81.4,15
f,22,82.5,25
f,22,84.6,50
f,22,86.7,75
f,22,87.8,85
f,22,88.6,90
f,22,89.7,95
f,22,90.5,97
f,22,91.9,99
f,23,78.1,1
f,23,79.6,3
f,23,80.3,5
f,23,81.5,10
f,23,82.2,15
f,23,83.4,25
f,23,85.5,50
f,23,87.7,75
f,23,88.8,85
f,23,89.6,90
f,23,90.7,95
f,23,91.5,97
f,23,92.9,99
f,24,78.2,1
f,24,79.6,3
f,24,80.4,5
f,24,81.6,10
f,24,82.4,15
f,24,83.5,25
f,24,85.7,50
f,24,87.9,75
f,24,89.1,85
f,24,89.9,90
f,24,91,95
f,24,91.8,97
f,24,93.2,99
f,25,79,1
f,25,80.4,3
f,25,81.2,5
f,25,82.4,10
f,25,83.2,15
f,25,84.4,25
f,25,86.6,50
f,25,88.8,75
f,25,90,85
f,25,90.8,90
f,25,92,95
f,25,92.8,97
f,25,94.2,99
f,26,79.7,1
f,26,81.2,3
f,26,82,5
f,26,83.2,10
f,26,84,15
f,26,85.2,25
f,26,87.4,50
f,26,89.7,75
f,26,90.9,85
f,26,91.7,90
f,26,92.9,95
f,26,93.7,97
f,26,95.2,99
f,27,80.4,1
f,27,81.9,3
f,27,82.7,5
f,27,83.9,10
f,27,84.8,15
f,27,86,25
f,27,88.3,50
f,27,90.6,75
f,27,91.8,85
f,27,92.6,90
f,27,93.8,95
f,27,94.6,97
f,27,96.1,99
f,28,81.1,1
f,28,82.6,3
f,28,83.5,5
f,28,84.7,10
f,28,85.5,15
f,28,86.8,25
f,28,89.1,50
f,28,91.4,75
f,28,92.7,85
f,28,93.5,90
f,28,94.7,95
f,28,95.6,97
f,28,97.1,99
f,29,81.8,1
f,29,83.4,3
f,29,84.2,5
f,29,85.4,10
f,29,86.3,15
f,29,87.6,25
f,29,89.9,50
f,29,92.2,75
f,29,93.5,85
f,29,94.4,90
f,29,95.6,95
f,29,96.4,97
f,29,98,99
f,30,82.5,1
f,30,84,3
f,30,84.9,5
f,30,86.2,10
f,30,87,15
f,30,88.3,25
f,30,90.7,50
f,30,93.1,75
f,30,94.3,85
f,30,95.2,90
f,30,96.5,95
f,30,97.3,97
f,30,98.9,99
f,31,83.1,1
f,31,84.7,3
f,31,85.6,5
f,31,86.9,10
f,31,87.7,15
f,31,89,25
f,31,91.4,50
f,31,93.9,75
f,31,95.2,85
f,31,96,90
f,31,97.3,95
f,31,98.2,97
f,31,99.8,99
f,32,83.8,1
f,32,85.4,3
f,32,86.2,5
f,32,87.5,10
f,32,88.4,15
f,32,89.7,25
f,32,92.2,50
f,32,94.6,75
f,32,95.9,85
f,32,96.8,90
f,32,98.2,95
f,32,99,97
f,32,100.6,99
f,33,84.4,1
f,33,86,3
f,33,86.9,5
f,33,88.2,10
f,33,89.1,15
f,33,90.4,25
f,33,92.9,50
f,33,95.4,75
f,33,96.7,85
f,33,97.6,90
f,33,99,95
f,33,99.8,97
f,33,101.5,99
f,34,85,1
f,34,86.7,3
f,34,87.5,5
f,34,88.9,10
f,34,89.8,15
f,34,91.1,25
f,34,93.6,50
f,34,96.2,75
f,34,97.5,85
f,34,98.4,90
f,34,99.8,95
f,34,100.6,97
f,34,102.3,99
f,35,85.6,1
f,35,87.3,3
f,35,88.2,5
f,35,89.5,10
f,35,90.5,15
f,35,91.8,25
f,35,94.4,50
f,35,96.9,75
f,35,98.3,85
f,35,99.2,90
f,35,100.5,95
f,35,101.4,97
f,35,103.1,99
f,36,86.4,1
f,36,88.1,3
f,36,89,5
f,36,90.4,10
f,36,91.4,15
f,36,92.8,25
f,36,95.4,50
f,36,98.1,75
f,36,99.5,85
f,36,100.5,90
f,36,102,95
f,36,103,97
f,36,104.8,99
f,37,87,1
f,37,88.7,3
f,37,89.6,5
f,37,90.9,10
f,37,91.9,15
f,37,93.3,25
f,37,95.9,50
f,37,98.6,75
f,37,100.1,85
f,37,101.1,90
f,37,102.6,95
f,37,103.5,97
f,37,105.4,99
f,38,87.5,1
f,38,89.2,3
f,38,90.1,5
f,38,91.5,10
f,38,92.4,15
f,38,93.8,25
f,38,96.5,50
f,38,99.2,75
f,38,100.6,85
f,38,101.6,90
f,38,103.1,95
f,38,104.1,97
f,38,106,99
f,39,88,1
f,39,89.7,3
f,39,90.6,5
f,39,92,10
f,39,93,15
f,39,94.4,25
f,39,97,50
f,39,99.7,75
f,39,101.2,85
f,39,102.2,90
f,39,103.7,95
f,39,104.7,97
f,39,106.5,99
f,40,88.6,1
f,40,90.2,3
f,40,91.1,5
f,40,92.5,10
f,40,93.5,15
f,40,94.9,25
f,40,97.6,50
f,40,100.3,75
f,40,101.8,85
f,40,102.8,90
f,40,104.3,95
f,40,105.3,97
f,40,107.1,99
f,41,89.1,1
f,41,90.8,3
f,41,91.7,5
f,41,93.1,10
f,41,94,15
f,41,95.4,25
f,41,98.1,50
f,41,100.8,75
f,41,102.3,85
f,41,103.3,90
f,41,104.8,95
f,41,105.8,97
f,41,107.7,99
f,42,89.6,1
f,42,91.3,3
f,42,92.2,5
f,42,93.6,10
f,42,94.5,15
f,42,96,25
f,42,98.6,50
f,42,101.4,75
f,42,102.9,85
f,42,103.9,90
f,42,105.4,95
f,42,106.4,97
f,42,108.3,99
f,43,90.1,1
f,43,91.8,3
f,43,92.7,5
f,43,94.1,10
f,43,95.1,15
f,43,96.5,25
f,43,99.2,50
f,43,101.9,75
f,43,103.4,85
f,43,104.5,90
f,43,106,95
f,43,107,97
f,43,108.9,99
f,44,90.7,1
f,44,92.4,3
f,44,93.3,5
f,44,94.7,10
f,44,95.6,15
f,44,97,25
f,44,99.7,50
f,44,102.5,75
f,44,104,85
f,44,105,90
f,44,106.5,95
f,44,107.6,97
f,44,109.5,99
f,45,91.2,1
f,45,92.9,3
f,45,93.8,5
f,45,95.2,10
f,45,96.1,15
f,45,97.6,25
f,45,100.3,50
f,45,103,75
f,45,104.5,85
f,45,105.6,90
f,45,107.1,95
f,45,108.1,97
f,45,110.1,99
f,46,91.7,1
f,46,93.4,3
f,46,94.3,5
f,46,95.7,10
f,46,96.7,15
f,46,98.1,25
f,46,100.8,50
f,46,103.6,75
f,46,105.1,85
f,46,106.1,90
f,46,107.7,95
f,46,108.7,97
f,46,110.6,99
f,47,92.2,1
f,47,93.9,3
f,47,94.8,5
f,47,96.2,10
f,47,97.2,15
f,47,98.6,25
f,47,101.4,50
f,47,104.1,75
f,47,105.7,85
f,47,106.7,90
f,47,108.3,95
f,47,109.3,97
f,47,111.2,99
f,48,92.8,1
f,48,94.5,3
f,48,95.4,5
f,48,96.8,10
f,48,97.7,15
f,48,99.2,25
f,48,101.9,50
f,48,104.7,75
f,48,106.2,85
f,48,107.3,90
f,48,108.8,95
f,48,109.8,97
f,48,111.8,99
f,49,93.3,1
f,49,95,3
f,49,95.9,5
f,49,97.3,10
f,49,98.3,15
f,49,99.7,25
f,49,102.4,50
f,49,105.2,75
f,49,106.8,85
f,49,107.8,90
f,49,109.4,95
f,49,110.4,97
f,49,112.4,99
f,50,93.8,1
f,50,95.5,3
f,50,96.4,5
f,50,97.8,10
f,50,98.8,15
f,50,100.2,25
f,50,103,50
f,50,105.8,75
f,50,107.3,85
f,50,108.4,90
f,50,110,95
f,50,111,97
f,50,113,99
f,51,94.3,1
f,51,96,3
f,51,96.9,5
f,51,98.4,10
f,51,99.3,15
f,51,100.8,25
f,51,103.5,50
f,51,106.3,75
f,51,107.9,85
f,51,108.9,90
f,51,110.5,95
f,51,111.6,97
f,51,113.5,99
f,52,94.9,1
f,52,96.6,3
f,52,97.5,5
f,52,98.9,10
f,52,99.9,15
f,52,101.3,25
f,52,104.1,50
f,52,106.9,75
f,52,108.4,85
f,52,109.5,90
f,52,111.1,95
f,52,112.1,97
f,52,114.1,99
f,53,95.4,1
f,53,97.1,3
f,53,98,5
f,53,99.4,10
f,53,100.4,15
f,53,101.8,25
f,53,104.6,50
f,53,107.4,75
f,53,109,85
f,53,110.1,90
f,53,111.6,95
f,53,112.7,97
f,53,114.7,99
f,54,95.9,1
f,54,97.6,3
f,54,98.5,5
f,54,99.9,10
f,54,100.9,15
f,54,102.4,25
f,54,105.1,50
f,54,108,75
f,54,109.5,85
f,54,110.6,90
f,54,112.2,95
f,54,113.3,97
f,54,115.3,99
f,55,96.4,1
f,55,98.1,3
f,55,99.1,5
f,55,100.5,10
f,55,101.5,15
f,55,102.9,25
f,55,105.7,50
f,55,108.5,75
f,55,110.1,85
f,55,111.2,90
f,55,112.8,95
f,55,113.8,97
f,55,115.9,99
f,56,97,1
f,56,98.7,3
f,56,99.6,5
f,56,101,10
f,56,102,15
f,56,103.4,25
f,56,106.2,50
f,56,109.1,75
f,56,110.7,85
f,56,111.7,90
f,56,113.3,95
f,56,114.4,97
f,56,116.4,99
f,57,97.5,1
f,57,99.2,3
f,57,100.1,5
f,57,101.5,10
f,57,102.5,15
f,57,104,25
f,57,106.8,50
f,57,109.6,75
f,57,111.2,85
f,57,112.3,90
f,57,113.9,95
f,57,115,97
f,57,117,99
f,58,98,1
f,58,99.7,3
f,58,100.6,5
f,58,102.1,10
f,58,103,15
f,58,104.5,25
f,58,107.3,50
f,58,110.2,75
f,58,111.8,85
f,58,112.8,90
f,58,114.5,95
f,58,115.5,97
f,58,117.6,99
f,59,98.5,1
f,59,100.2,3
f,59,101.2,5
f,59,102.6,10
f,59,103.6,15
f,59,105,25
f,59,107.8,50
f,59,110.7,75
f,59,112.3,85
f,59,113.4,90
f,59,115,95
f,59,116.1,97
f,59,118.2,99
f,60,99,1
f,60,100.7,3
f,60,101.7,5
f,60,103.1,10
f,60,104.1,15
f,60,105.6,25
f,60,108.4,50
f,60,111.3,75
f,60,112.9,85
f,60,114,90
f,60,115.6,95
f,60,116.7,97
f,60,118.7,99
f,61,99.5,1
f,61,101.2,3
f,61,102.2,5
f,61,103.6,10
f,61,104.6,15
f,61,106.1,25
f,61,108.9,50
f,61,111.8,75
f,61,113.4,85
f,61,114.5,90
f,61,116.1,95
f,61,117.2,97
f,61,119.3,99
f,62,100,1
f,62,101.7,3
f,62,102.7,5
f,62,104.1,10
f,62,105.1,15
f,62,106.6,25
f,62,109.4,50
f,62,112.4,75
f,62,114,85
f,62,115.1,90
f,62,116.7,95
f,62,117.8,97
f,62,119.9,99
f,63,100.5,1
f,63,102.2,3
f,63,103.2,5
f,63,104.6,10
f,63,105.6,15
f,63,107.1,25
f,63,110,50
f,63,112.9,75
f,63,114.5,85
f,63,115.6,90
f,63,117.3,95
f,63,118.3,97
f,63,120.4,99
f,64,101,1
f,64,102.7,3
f,64,103.7,5
f,64,105.2,10
f,64,106.2,15
f,64,107.7,25
f,64,110.5,50
f,64,113.4,75
f,64,115,85
f,64,116.2,90
f,64,117.8,95
f,64,118.9,97
f,64,121,99
f,65,101.5,1
f,65,103.3,3
f,65,104.2,5
f,65,105.7,10
f,65,106.7,15
f,65,108.2,25
f,65,111,50
f,65,114,75
f,65,115.6,85
f,65,116.7,90
f,65,118.4,95
f,65,119.5,97
f,65,121.5,99
f,66,102,1
f,66,103.7,3
f,66,104.7,5
f,66,106.2,10
f,66,107.2,15
f,66,108.7,25
f,66,111.6,50
f,66,114.5,75
f,66,116.1,85
f,66,117.3,90
f,66,118.9,95
f,66,120,97
f,66,122.1,99
f,67,102.4,1
f,67,104.2,3
f,67,105.2,5
f,67,106.7,10
f,67,107.7,15
f,67,109.2,25
f,67,112.1,50
f,67,115.1,75
f,67,116.7,85
f,67,117.8,90
f,67,119.5,95
f,67,120.6,97
f,67,122.7,99
f,68,102.9,1
f,68,104.7,3
f,68,105.7,5
f,68,107.2,10
f,68,108.2,15
f,68,109.7,25
f,68,112.6,50
f,68,115.6,75
f,68,117.2,85
f,68,118.4,90
f,68,120,95
f,68,121.1,97
f,68,123.2,99
f,69,103.4,1
f,69,105.2,3
f,69,106.1,5
f,69,107.7,10
f,69,108.7,15
f,69,110.2,25
f,69,113.2,50
f,69,116.1,75
f,69,117.8,85
f,69,118.9,90
f,69,120.6,95
f,69,121.7,97
f,69,123.8,99
f,70,103.8,1
f,70,105.6,3
f,70,106.6,5
f,70,108.2,10
f,70,109.2,15
f,70,110.7,25
f,70,113.7,50
f,70,116.7,75
f,70,118.3,85
f,70,119.4,90
f,70,121.1,95
f,70,122.2,97
f,70,124.3,99
f,71,104.3,1
f,71,106.1,3
f,71,107.1,5
f,71,108.6,10
f,71,109.7,15
f,71,111.3,25
f,71,114.2,50
f,71,117.2,75
f,71,118.9,85
f,71,120,90
f,71,121.7,95
f,71,122.8,97
f,71,124.9,99
f,72,104.7,1
f,72,106.6,3
f,72,107.6,5
f,72,109.1,10
f,72,110.2,15
f,72,111.8,25
f,72,114.7,50
f,72,117.8,75
f,72,119.4,85
f,72,120.5,90
f,72,122.2,95
f,72,123.3,97
f,72,125.5,99
f,73,105.2,1
f,73,107.1,3
f,73,108.1,5
f,73,109.6,10
f,73,110.7,15
f,73,112.3,25
f,73,115.2,50
f,73,118.3,75
f,73,120,85
f,73,121.1,90
f,73,122.8,95
f,73,123.9,97
f,73,126,99
f,74,105.6,1
f,74,107.5,3
f,74,108.5,5
f,74,110.1,10
f,74,111.2,15
f,74,112.8,25
f,74,115.8,50
f,74,118.8,75
f,74,120.5,85
f,74,121.6,90
f,74,123.3,95
f,74,124.5,97
f,74,126.6,99
f,75,106.1,1
f,75,108,3
f,75,109,5
f,75,110.6,10
f,75,111.7,15
f,75,113.3,25
f,75,116.3,50
f,75,119.4,75
f,75,121,85
f,75,122.2,90
f,75,123.9,95
f,75,125,97
f,75,127.2,99
f,76,106.6,1
f,76,108.5,3
f,76,109.5,5
f,76,111.1,10
f,76,112.2,15
f,76,113.8,25
f,76,116.8,50
f,76,119.9,75
f,76,121.6,85
f,76,122.7,90
f,76,124.5,95
f,76,125.6,97
f,76,127.7,99
f,77,107,1
f,77,108.9,3
f,77,110,5
f,77,111.6,10
f,77,112.6,15
f,77,114.3,25
f,77,117.3,50
f,77,120.4,75
f,77,122.1,85
f,77,123.3,90
f,77,125,95
f,77,126.1,97
f,77,128.3,99
f,78,107.5,1
f,78,109.4,3
f,78,110.4,5
f,78,112,10
f,78,113.1,15
f,78,114.8,25
f,78,117.8,50
f,78,121,75
f,78,122.7,85
f,78,123.8,90
f,78,125.6,95
f,78,126.7,97
f,78,128.9,99
f,79,107.9,1
f,79,109.9,3
f,79,110.9,5
f,79,112.5,10
f,79,113.6,15
f,79,115.2,25
f,79,118.3,50
f,79,121.5,75
f,79,123.2,85
f,79,124.4,90
f,79,126.1,95
f,79,127.3,97
f,79,129.5,99
f,80,108.4,1
f,80,110.3,3
f,80,111.4,5
f,80,113,10
f,80,114.1,15
f,80,115.7,25
f,80,118.8,50
f,80,122,75
f,80,123.7,85
f,80,124.9,90
f,80,126.7,95
f,80,127.9,97
f,80,130.1,99
f,81,108.8,1
f,81,110.8,3
f,81,111.8,5
f,81,113.4,10
f,81,114.6,15
f,81,116.2,25
f,81,119.3,50
f,81,122.5,75
f,81,124.3,85
f,81,125.5,90
f,81,127.3,95
f,81,128.4,97
f,81,130.7,99
f,82,109.3,1
f,82,111.2,3
f,82,112.3,5
f,82,113.9,10
f,82,115,15
f,82,116.7,25
f,82,119.8,50
f,82,123.1,75
f,82,124.8,85
f,82,126,90
f,82,127.8,95
f,82,129,97
f,82,131.3,99
f,83,109.7,1
f,83,111.7,3
f,83,112.8,5
f,83,114.4,10
f,83,115.5,15
f,83,117.2,25
f,83,120.3,50
f,83,123.6,75
f,83,125.3,85
f,83,126.6,90
f,83,128.4,95
f,83,129.6,97
f,83,131.9,99
f,84,110.2,1
f,84,112.2,3
f,84,113.2,5
f,84,114.8,10
f,84,116,15
f,84,117.6,25
f,84,120.8,50
f,84,124.1,75
f,84,125.9,85
f,84,127.1,90
f,84,128.9,95
f,84,130.2,97
f,84,132.5,99
f,85,110.6,1
f,85,112.6,3
f,85,113.7,5
f,85,115.3,10
f,85,116.4,15
f,85,118.1,25
f,85,121.3,50
f,85,124.6,75
f,85,126.4,85
f,85,127.6,90
f,85,129.5,95
f,85,130.7,97
f,85,133.1,99
f,86,111.1,1
f,86,113.1,3
f,86,114.1,5
f,86,115.8,10
f,86,116.9,15
f,86,118.6,25
f,86,121.8,50
f,86,125.1,75
f,86,126.9,85
f,86,128.2,90
f,86,130.1,95
f,86,131.3,97
f,86,133.7,99
f,87,111.5,1
f,87,113.5,3
f,87,114.6,5
f,87,116.2,10
f,87,117.4,15
f,87,119,25
f,87,122.3,50
f,87,125.6,75
f,87,127.5,85
f,87,128.7,90
f,87,130.6,95
f,87,131.9,97
f,87,134.3,99
f,88,112,1
f,88,114,3
f,88,115,5
f,88,116.7,10
f,88,117.8,15
f,88,119.5,25
f,88,122.8,50
f,88,126.1,75
f,88,128,85
f,88,129.3,90
f,88,131.2,95
f,88,132.5,97
f,88,134.9,99
f,89,112.4,1
f,89,114.4,3
f,89,115.5,5
f,89,117.1,10
f,89,118.3,15
f,89,120,25
f,89,123.3,50
f,89,126.7,75
f,89,128.5,85
f,89,129.8,90
f,89,131.8,95
f,89,133,97
f,89,135.5,99
f,90,112.9,1
f,90,114.8,3
f,90,115.9,5
f,90,117.6,10
f,90,118.7,15
f,90,120.5,25
f,90,123.8,50
f,90,127.2,75
f,90,129.1,85
f,90,130.4,90
f,90,132.3,95
f,90,133.6,97
f,90,136.1,99
f,91,113.3,1
f,91,115.3,3
f,91,116.4,5
f,91,118,10
f,91,119.2,15
f,91,120.9,25
f,91,124.2,50
f,91,127.7,75
f,91,129.6,85
f,91,130.9,90
f,91,132.9,95
f,91,134.2,97
f,91,136.7,99
f,92,113.7,1
f,92,115.7,3
f,92,116.8,5
f,92,118.5,10
f,92,119.6,15
f,92,121.4,25
f,92,124.7,50
f,92,128.2,75
f,92,130.1,85
f,92,131.4,90
f,92,133.4,95
f,92,134.8,97
f,92,137.3,99
f,93,114.2,1
f,93,116.2,3
f,93,117.2,5
f,93,118.9,10
f,93,120.1,15
f,93,121.8,25
f,93,125.2,50
f,93,128.7,75
f,93,130.6,85
f,93,132,90
f,93,134,95
f,93,135.3,97
f,93,137.9,99
f,94,114.6,1
f,94,116.6,3
f,94,117.7,5
f,94,119.4,10
f,94,120.6,15
f,94,122.3,25
f,94,125.7,50
f,94,129.2,75
f,94,131.2,85
f,94,132.5,90
f,94,134.6,95
f,94,135.9,97
f,94,138.5,99
f,95,115,1
f,95,117,3
f,95,118.1,5
f,95,119.8,10
f,95,121,15
f,95,122.8,25
f,95,126.2,50
f,95,129.7,75
f,95,131.7,85
f,95,133.1,90
f,95,135.1,95
f,95,136.5,97
f,95,139.1,99
f,96,115.5,1
f,96,117.5,3
f,96,118.6,5
f,96,120.3,10
f,96,121.5,15
f,96,123.2,25
f,96,126.7,50
f,96,130.2,75
f,96,132.2,85
f,96,133.6,90
f,96,135.7,95
f,96,137.1,97
f,96,139.7,99
f,97,115.9,1
f,97,117.9,3
f,97,119,5
f,97,120.7,10
f,97,121.9,15
f,97,123.7,25
f,97,127.2,50
f,97,130.8,75
f,97,132.8,85
f,97,134.1,90
f,97,136.2,95
f,97,137.6,97
f,97,140.3,99
f,98,116.3,1
f,98,118.4,3
f,98,119.5,5
f,98,121.2,10
f,98,122.4,15
f,98,124.2,25
f,98,127.6,50
f,98,131.3,75
f,98,133.3,85
f,98,134.7,90
f,98,136.8,95
f,98,138.2,97
f,98,140.9,99
f,99,116.8,1
f,99,118.8,3
f,99,119.9,5
f,99,121.7,10
f,99,122.9,15
f,99,124.7,25
f,99,128.1,50
f,99,131.8,75
f,99,133.8,85
f,99,135.2,90
f,99,137.4,95
f,99,138.8,97
f,99,141.5,99
f,100,117.2,1
f,100,119.3,3
f,100,120.4,5
f,100,122.1,10
f,100,123.3,15
f,100,125.1,25
f,100,128.6,50
f,100,132.3,75
f,100,134.4,85
f,100,135.8,90
f,100,137.9,95
f,100,139.4,97
f,100,142.1,99
f,101,117.6,1
f,101,119.7,3
f,101,120.8,5
f,101,122.6,10
f,101,123.8,15
f,101,125.6,25
f,101,129.1,50
f,101,132.8,75
f,101,134.9,85
f,101,136.3,90
f,101,138.5,95
f,101,139.9,97
f,101,142.7,99
f,102,118.1,1
f,102,120.1,3
f,102,121.3,5
f,102,123,10
f,102,124.2,15
f,102,126.1,25
f,102,129.6,50
f,102,133.3,75
f,102,135.4,85
f,102,136.9,90
f,102,139.1,95
f,102,140.5,97
f,102,143.3,99
f,103,118.5,1
f,103,120.6,3
f,103,121.7,5
f,103,123.5,10
f,103,124.7,15
f,103,126.5,25
f,103,130.1,50
f,103,133.9,75
f,103,136,85
f,103,137.4,90
f,103,139.6,95
f,103,141.1,97
f,103,144,99
f,104,119,1
f,104,121,3
f,104,122.2,5
f,104,123.9,10
f,104,125.2,15
f,104,127,25
f,104,130.6,50
f,104,134.4,75
f,104,136.5,85
f,104,138,90
f,104,140.2,95
f,104,141.7,97
f,104,144.6,99
f,105,119.4,1
f,105,121.5,3
f,105,122.6,5
f,105,124.4,10
f,105,125.6,15
f,105,127.5,25
f,105,131.1,50
f,105,134.9,75
f,105,137.1,85
f,105,138.5,90
f,105,140.8,95
f,105,142.3,97
f,105,145.2,99
f,106,119.8,1
f,106,121.9,3
f,106,123.1,5
f,106,124.9,10
f,106,126.1,15
f,106,128,25
f,106,131.6,50
f,106,135.5,75
f,106,137.6,85
f,106,139.1,90
f,106,141.4,95
f,106,142.9,97
f,106,145.8,99
f,107,120.3,1
f,107,122.4,3
f,107,123.5,5
f,107,125.3,10
f,107,126.6,15
f,107,128.5,25
f,107,132.1,50
f,107,136,75
f,107,138.2,85
f,107,139.7,90
f,107,141.9,95
f,107,143.5,97
f,107,146.4,99
f,108,120.7,1
f,108,122.8,3
f,108,124,5
f,108,125.8,10
f,108,127.1,15
f,108,129,25
f,108,132.6,50
f,108,136.5,75
f,108,138.7,85
f,108,140.2,90
f,108,142.5,95
f,108,144.1,97
f,108,147,99
f,109,121.1,1
f,109,123.3,3
f,109,124.4,5
f,109,126.3,10
f,109,127.5,15
f,109,129.5,25
f,109,133.2,50
f,109,137.1,75
f,109,139.3,85
f,109,140.8,90
f,109,143.1,95
f,109,144.7,97
f,109,147.6,99
f,110,121.5,1
f,110,123.7,3
f,110,124.9,5
f,110,126.7,10
f,110,128,15
f,110,129.9,25
f,110,133.7,50
f,110,137.6,75
f,110,139.8,85
f,110,141.4,90
f,110,143.7,95
f,110,145.2,97
f,110,148.3,99
f,111,122,1
f,111,124.1,3
f,111,125.3,5
f,111,127.2,10
f,111,128.5,15
f,111,130.4,25
f,111,134.2,50
f,111,138.2,75
f,111,140.4,85
f,111,141.9,90
f,111,144.3,95
f,111,145.8,97
f,111,148.9,99
f,112,122.4,1
f,112,124.6,3
f,112,125.8,5
f,112,127.7,10
f,112,129,15
f,112,130.9,25
f,112,134.7,50
f,112,138.7,75
f,112,141,85
f,112,142.5,90
f,112,144.9,95
f,112,146.4,97
f,112,149.5,99
f,113,122.8,1
f,113,125,3
f,113,126.2,5
f,113,128.1,10
f,113,129.5,15
f,113,131.4,25
f,113,135.3,50
f,113,139.3,75
f,113,141.5,85
f,113,143.1,90
f,113,145.5,95
f,113,147,97
f,113,150.1,99
f,114,123.2,1
f,114,125.5,3
f,114,126.7,5
f,114,128.6,10
f,114,130,15
f,114,132,25
f,114,135.8,50
f,114,139.9,75
f,114,142.1,85
f,114,143.7,90
f,114,146.1,95
f,114,147.6,97
f,114,150.7,99
f,115,123.6,1
f,115,125.9,3
f,115,127.2,5
f,115,129.1,10
f,115,130.5,15
f,115,132.5,25
f,115,136.4,50
f,115,140.4,75
f,115,142.7,85
f,115,144.3,90
f,115,146.6,95
f,115,148.2,97
f,115,151.3,99
f,116,124.1,1
f,116,126.4,3
f,116,127.6,5
f,116,129.6,10
f,116,131,15
f,116,133,25
f,116,136.9,50
f,116,141,75
f,116,143.3,85
f,116,144.9,90
f,116,147.2,95
f,116,148.8,97
f,116,151.9,99
f,117,124.5,1
f,117,126.8,3
f,117,128.1,5
f,117,130.1,10
f,117,131.5,15
f,117,133.5,25
f,117,137.5,50
f,117,141.6,75
f,117,143.9,85
f,117,145.4,90
f,117,147.8,95
f,117,149.4,97
f,117,152.4,99
f,118,124.9,1
f,118,127.3,3
f,118,128.6,5
f,118,130.6,10
f,118,132,15
f,118,134,25
f,118,138,50
f,118,142.2,75
f,118,144.4,85
f,118,146,90
f,118,148.4,95
f,118,150,97
f,118,153,99
f,119,125.3,1
f,119,127.7,3
f,119,129,5
f,119,131.1,10
f,119,132.5,15
f,119,134.5,25
f,119,138.6,50
f,119,142.7,75
f,119,145,85
f,119,146.6,90
f,119,149,95
f,119,150.6,97
f,119,153.6,99
f,120,125.7,1
f,120,128.2,3
f,120,129.5,5
f,120,131.6,10
f,120,133,15
f,120,135.1,25
f,120,139.1,50
f,120,143.3,75
f,120,145.6,85
f,120,147.2,90
f,120,149.6,95
f,120,151.2,97
f,120,154.2,99
f,121,126.2,1
f,121,128.6,3
f,121,130,5
f,121,132.1,10
f,121,133.5,15
f,121,135.6,25
f,121,139.7,50
f,121,143.9,75
f,121,146.2,85
f,121,147.8,90
f,121,150.2,95
f,121,151.7,97
f,121,154.7,99
f,122,126.6,1
f,122,129.1,3
f,122,130.4,5
f,122,132.6,10
f,122,134,15
f,122,136.1,25
f,122,140.2,50
f,122,144.5,75
f,122,146.8,85
f,122,148.4,90
f,122,150.7,95
f,122,152.3,97
f,122,155.3,99
f,123,127,1
f,123,129.5,3
f,123,130.9,5
f,123,133,10
f,123,134.5,15
f,123,136.7,25
f,123,140.8,50
f,123,145,75
f,123,147.3,85
f,123,148.9,90
f,123,151.3,95
f,123,152.9,97
f,123,155.8,99
f,124,127.4,1
f,124,130,3
f,124,131.4,5
f,124,133.5,10
f,124,135,15
f,124,137.2,25
f,124,141.4,50
f,124,145.6,75
f,124,147.9,85
f,124,149.5,90
f,124,151.9,95
f,124,153.4,97
f,124,156.4,99
f,125,127.8,1
f,125,130.5,3
f,125,131.9,5
f,125,134,10
f,125,135.5,15
f,125,137.7,25
f,125,141.9,50
f,125,146.2,75
f,125,148.5,85
f,125,150.1,90
f,125,152.5,95
f,125,154,97
f,125,157,99
f,126,128.3,1
f,126,130.9,3
f,126,132.3,5
f,126,134.6,10
f,126,136,15
f,126,138.3,25
f,126,142.5,50
f,126,146.7,75
f,126,149.1,85
f,126,150.6,90
f,126,153,95
f,126,154.5,97
f,126,157.5,99
f,127,128.7,1
f,127,131.4,3
f,127,132.8,5
f,127,135.1,10
f,127,136.6,15
f,127,138.8,25
f,127,143,50
f,127,147.3,75
f,127,149.6,85
f,127,151.2,90
f,127,153.5,95
f,127,155.1,97
f,127,158,99
f,128,129.1,1
f,128,131.9,3
f,128,133.3,5
f,128,135.6,10
f,128,137.1,15
f,128,139.3,25
f,128,143.6,50
f,128,147.8,75
f,128,150.2,85
f,128,151.7,90
f,128,154.1,95
f,128,155.6,97
f,128,158.5,99
f,129,129.6,1
f,129,132.3,3
f,129,133.8,5
f,129,136.1,10
f,129,137.6,15
f,129,139.9,25
f,129,144.1,50
f,129,148.4,75
f,129,150.7,85
f,129,152.3,90
f,129,154.6,95
f,129,156.1,97
f,129,159,99
f,130,130,1
f,130,132.8,3
f,130,134.3,5
f,130,136.6,10
f,130,138.1,15
f,130,140.4,25
f,130,144.7,50
f,130,149,75
f,130,151.3,85
f,130,152.8,90
f,130,155.1,95
f,130,156.6,97
f,130,159.5,99
f,131,130.5,1
f,131,133.3,3
f,131,134.8,5
f,131,137.1,10
f,131,138.6,15
f,131,140.9,25
f,131,145.2,50
f,131,149.5,75
f,131,151.8,85
f,131,153.4,90
f,131,155.7,95
f,131,157.2,97
f,131,160,99
f,132,130.9,1
f,132,133.8,3
f,132,135.3,5
f,132,137.6,10
f,132,139.2,15
f,132,141.5,25
f,132,145.8,50
f,132,150,75
f,132,152.3,85
f,132,153.9,90
f,132,156.1,95
f,132,157.6,97
f,132,160.4,99
f,133,131.4,1
f,133,134.2,3
f,133,135.8,5
f,133,138.1,10
f,133,139.7,15
f,133,142,25
f,133,146.3,50
f,133,150.5,75
f,133,152.8,85
f,133,154.3,90
f,133,156.6,95
f,133,158.1,97
f,133,160.8,99
f,134,131.8,1
f,134,134.7,3
f,134,136.3,5
f,134,138.6,10
f,134,140.2,15
f,134,142.5,25
f,134,146.8,50
f,134,151.1,75
f,134,153.3,85
f,134,154.8,90
f,134,157.1,95
f,134,158.5,97
f,134,161.3,99
f,135,132.3,1
f,135,135.2,3
f,135,136.8,5
f,135,139.1,10
f,135,140.7,15
f,135,143.1,25
f,135,147.3,50
f,135,151.6,75
f,135,153.8,85
f,135,155.3,90
f,135,157.6,95
f,135,159,97
f,135,161.7,99
f,136,132.7,1
f,136,135.7,3
f,136,137.3,5
f,136,139.6,10
f,136,141.2,15
f,136,143.6,25
f,136,147.9,50
f,136,152.1,75
f,136,154.3,85
f,136,155.8,90
f,136,158,95
f,136,159.5,97
f,136,162.1,99
f,137,133.2,1
f,137,136.2,3
f,137,137.8,5
f,137,140.2,10
f,137,141.8,15
f,137,144.1,25
f,137,148.4,50
f,137,152.6,75
f,137,154.8,85
f,137,156.3,90
f,137,158.5,95
f,137,159.9,97
f,137,162.6,99
f,138,133.6,1
f,138,136.7,3
f,138,138.2,5
f,138,140.6,10
f,138,142.3,15
f,138,144.6,25
f,138,148.9,50
f,138,153.1,75
f,138,155.3,85
f,138,156.7,90
f,138,158.9,95
f,138,160.3,97
f,138,162.9,99
f,139,134.1,1
f,139,137.1,3
f,139,138.7,5
f,139,141.1,10
f,139,142.7,15
f,139,145.1,25
f,139,149.4,50
f,139,153.5,75
f,139,155.7,85
f,139,157.2,90
f,139,159.3,95
f,139,160.7,97
f,139,163.3,99
f,140,134.6,1
f,140,137.6,3
f,140,139.2,5
f,140,141.6,10
f,140,143.2,15
f,140,145.6,25
f,140,149.8,50
f,140,154,75
f,140,156.1,85
f,140,157.6,90
f,140,159.7,95
f,140,161.1,97
f,140,163.7,99
f,141,135,1
f,141,138.1,3
f,141,139.7,5
f,141,142.1,10
f,141,143.7,15
f,141,146.1,25
f,141,150.3,50
f,141,154.4,75
f,141,156.6,85
f,141,158,90
f,141,160.1,95
f,141,161.5,97
f,141,164,99
f,142,135.5,1
f,142,138.6,3
f,142,140.2,5
f,142,142.6,10
f,142,144.2,15
f,142,146.5,25
f,142,150.8,50
f,142,154.9,75
f,142,157,85
f,142,158.4,90
f,142,160.5,95
f,142,161.9,97
f,142,164.4,99
f,143,136,1
f,143,139.1,3
f,143,140.7,5
f,143,143.1,10
f,143,144.7,15
f,143,147,25
f,143,151.3,50
f,143,155.3,75
f,143,157.4,85
f,143,158.9,90
f,143,160.9,95
f,143,162.3,97
f,143,164.7,99
f,144,136.5,1
f,144,139.5,3
f,144,141.1,5
f,144,143.5,10
f,144,145.1,15
f,144,147.5,25
f,144,151.7,50
f,144,155.7,75
f,144,157.8,85
f,144,159.2,90
f,144,161.3,95
f,144,162.6,97
f,144,165,99
f,145,136.9,1
f,145,140,3
f,145,141.6,5
f,145,144,10
f,145,145.6,15
f,145,147.9,25
f,145,152.1,50
f,145,156.1,75
f,145,158.2,85
f,145,159.6,90
f,145,161.6,95
f,145,162.9,97
f,145,165.4,99
f,146,137.4,1
f,146,140.5,3
f,146,142.1,5
f,146,144.4,10
f,146,146,15
f,146,148.3,25
f,146,152.5,50
f,146,156.5,75
f,146,158.5,85
f,146,159.9,90
f,146,162,95
f,146,163.3,97
f,146,165.7,99
f,147,137.9,1
f,147,140.9,3
f,147,142.5,5
f,147,144.9,10
f,147,146.5,15
f,147,148.8,25
f,147,152.9,50
f,147,156.8,75
f,147,158.9,85
f,147,160.3,90
f,147,162.3,95
f,147,163.6,97
f,147,166,99
f,148,138.3,1
f,148,141.4,3
f,148,143,5
f,148,145.3,10
f,148,146.9,15
f,148,149.2,25
f,148,153.3,50
f,148,157.2,75
f,148,159.3,85
f,148,160.6,90
f,148,162.6,95
f,148,163.9,97
f,148,166.3,99
f,149,138.8,1
f,149,141.9,3
f,149,143.4,5
f,149,145.8,10
f,149,147.3,15
f,149,149.6,25
f,149,153.7,50
f,149,157.6,75
f,149,159.6,85
f,149,161,90
f,149,163,95
f,149,164.2,97
f,149,166.6,99
f,150,139.3,1
f,150,142.3,3
f,150,143.8,5
f,150,146.2,10
f,150,147.7,15
f,150,150,25
f,150,154,50
f,150,157.9,75
f,150,159.9,85
f,150,161.3,90
f,150,163.2,95
f,150,164.5,97
f,150,166.8,99
f,151,139.7,1
f,151,142.7,3
f,151,144.2,5
f,151,146.6,10
f,151,148.1,15
f,151,150.3,25
f,151,154.3,50
f,151,158.2,75
f,151,160.2,85
f,151,161.6,90
f,151,163.5,95
f,151,164.8,97
f,151,167.1,99
f,152,140.1,1
f,152,143.1,3
f,152,144.6,5
f,152,146.9,10
f,152,148.5,15
f,152,150.7,25
f,152,154.7,50
f,152,158.5,75
f,152,160.5,85
f,152,161.8,90
f,152,163.8,95
f,152,165,97
f,152,167.3,99
f,153,140.6,1
f,153,143.5,3
f,153,145,5
f,153,147.3,10
f,153,148.8,15
f,153,151,25
f,153,155,50
f,153,158.8,75
f,153,160.8,85
f,153,162.1,90
f,153,164.1,95
f,153,165.3,97
f,153,167.6,99
f,154,141,1
f,154,143.9,3
f,154,145.4,5
f,154,147.7,10
f,154,149.2,15
f,154,151.4,25
f,154,155.3,50
f,154,159.1,75
f,154,161.1,85
f,154,162.4,90
f,154,164.3,95
f,154,165.6,97
f,154,167.8,99
f,155,141.4,1
f,155,144.3,3
f,155,145.8,5
f,155,148.1,10
f,155,149.6,15
f,155,151.8,25
f,155,155.7,50
f,155,159.4,75
f,155,161.4,85
f,155,162.7,90
f,155,164.6,95
f,155,165.8,97
f,155,168.1,99
f,156,141.8,1
f,156,144.7,3
f,156,146.2,5
f,156,148.4,10
f,156,149.9,15
f,156,152,25
f,156,155.9,50
f,156,159.7,75
f,156,161.6,85
f,156,162.9,90
f,156,164.8,95
f,156,166,97
f,156,168.3,99
f,157,142.1,1
f,157,145,3
f,157,146.5,5
f,157,148.7,10
f,157,150.2,15
f,157,152.3,25
f,157,156.2,50
f,157,159.9,75
f,157,161.8,85
f,157,163.1,90
f,157,165,95
f,157,166.2,97
f,157,168.5,99
f,158,142.5,1
f,158,145.3,3
f,158,146.8,5
f,158,149,10
f,158,150.5,15
f,158,152.6,25
f,158,156.4,50
f,158,160.1,75
f,158,162.1,85
f,158,163.3,90
f,158,165.2,95
f,158,166.4,97
f,158,168.7,99
f,159,142.9,1
f,159,145.7,3
f,159,147.1,5
f,159,149.3,10
f,159,150.7,15
f,159,152.8,25
f,159,156.7,50
f,159,160.3,75
f,159,162.3,85
f,159,163.6,90
f,159,165.4,95
f,159,166.7,97
f,159,168.9,99
f,160,143.2,1
f,160,146,3
f,160,147.4,5
f,160,149.6,10
f,160,151,15
f,160,153.1,25
f,160,156.9,50
f,160,160.6,75
f,160,162.5,85
f,160,163.8,90
f,160,165.7,95
f,160,166.9,97
f,160,169.1,99
f,161,143.6,1
f,161,146.3,3
f,161,147.7,5
f,161,149.9,10
f,161,151.3,15
f,161,153.4,25
f,161,157.2,50
f,161,160.8,75
f,161,162.7,85
f,161,164,90
f,161,165.9,95
f,161,167.1,97
f,161,169.3,99
f,162,143.8,1
f,162,146.5,3
f,162,148,5
f,162,150.1,10
f,162,151.5,15
f,162,153.6,25
f,162,157.3,50
f,162,161,75
f,162,162.9,85
f,162,164.2,90
f,162,166,95
f,162,167.2,97
f,162,169.5,99
f,163,144.1,1
f,163,146.8,3
f,163,148.2,5
f,163,150.3,10
f,163,151.7,15
f,163,153.8,25
f,163,157.5,50
f,163,161.1,75
f,163,163,85
f,163,164.3,90
f,163,166.2,95
f,163,167.4,97
f,163,169.6,99
f,164,144.3,1
f,164,147,3
f,164,148.4,5
f,164,150.5,10
f,164,151.9,15
f,164,154,25
f,164,157.7,50
f,164,161.3,75
f,164,163.2,85
f,164,164.5,90
f,164,166.3,95
f,164,167.5,97
f,164,169.8,99
f,165,144.6,1
f,165,147.2,3
f,165,148.6,5
f,165,150.7,10
f,165,152.1,15
f,165,154.1,25
f,165,157.8,50
f,165,161.5,75
f,165,163.4,85
f,165,164.6,90
f,165,166.5,95
f,165,167.7,97
f,165,169.9,99
f,166,144.8,1
f,166,147.5,3
f,166,148.8,5
f,166,150.9,10
f,166,152.3,15
f,166,154.3,25
f,166,158,50
f,166,161.6,75
f,166,163.5,85
f,166,164.8,90
f,166,166.6,95
f,166,167.8,97
f,166,170.1,99
f,167,145.1,1
f,167,147.7,3
f,167,149.1,5
f,167,151.1,10
f,167,152.5,15
f,167,154.5,25
f,167,158.2,50
f,167,161.8,75
f,167,163.7,85
f,167,164.9,90
f,167,166.8,95
f,167,168,97
f,167,170.2,99
f,168,145.3,1
f,168,147.9,3
f,168,149.2,5
f,168,151.3,10
f,168,152.6,15
f,168,154.6,25
f,168,158.3,50
f,168,161.9,75
f,168,163.8,85
f,168,165,90
f,168,166.9,95
f,168,168.1,97
f,168,170.3,99
f,169,145.4,1
f,169,148,3
f,169,149.4,5
f,169,151.4,10
f,169,152.8,15
f,169,154.8,25
f,169,158.4,50
f,169,162,75
f,169,163.9,85
f,169,165.2,90
f,169,167,95
f,169,168.2,97
f,169,170.4,99
f,170,145.6,1
f,170,148.2,3
f,170,149.5,5
f,170,151.5,10
f,170,152.9,15
f,170,154.9,25
f,170,158.6,50
f,170,162.1,75
f,170,164,85
f,170,165.3,90
f,170,167.1,95
f,170,168.3,97
f,170,170.5,99
f,171,145.7,1
f,171,148.3,3
f,171,149.6,5
f,171,151.7,10
f,171,153.1,15
f,171,155,25
f,171,158.7,50
f,171,162.2,75
f,171,164.1,85
f,171,165.4,90
f,171,167.2,95
f,171,168.4,97
f,171,170.6,99
f,172,145.9,1
f,172,148.4,3
f,172,149.8,5
f,172,151.8,10
f,172,153.2,15
f,172,155.2,25
f,172,158.8,50
f,172,162.4,75
f,172,164.2,85
f,172,165.5,90
f,172,167.3,95
f,172,168.5,97
f,172,170.8,99
f,173,146,1
f,173,148.6,3
f,173,149.9,5
f,173,152,10
f,173,153.3,15
f,173,155.3,25
f,173,158.9,50
f,173,162.5,75
f,173,164.3,85
f,173,165.6,90
f,173,167.4,95
f,173,168.6,97
f,173,170.9,99
f,174,146.2,1
f,174,148.7,3
f,174,150,5
f,174,152.1,10
f,174,153.4,15
f,174,155.4,25
f,174,159,50
f,174,162.6,75
f,174,164.4,85
f,174,165.7,90
f,174,167.5,95
f,174,168.7,97
f,174,170.9,99
f,175,146.3,1
f,175,148.8,3
f,175,150.1,5
f,175,152.2,10
f,175,153.5,15
f,175,155.5,25
f,175,159.1,50
f,175,162.6,75
f,175,164.5,85
f,175,165.8,90
f,175,167.6,95
f,175,168.8,97
f,175,171,99
f,176,146.4,1
f,176,148.9,3
f,176,150.2,5
f,176,152.3,10
f,176,153.6,15
f,176,155.6,25
f,176,159.2,50
f,176,162.7,75
f,176,164.6,85
f,176,165.8,90
f,176,167.7,95
f,176,168.9,97
f,176,171.1,99
f,177,146.5,1
f,177,149,3
f,177,150.3,5
f,177,152.4,10
f,177,153.7,15
f,177,155.7,25
f,177,159.3,50
f,177,162.8,75
f,177,164.7,85
f,177,165.9,90
f,177,167.8,95
f,177,168.9,97
f,177,171.2,99
f,178,146.6,1
f,178,149.1,3
f,178,150.5,5
f,178,152.5,10
f,178,153.8,15
f,178,155.8,25
f,178,159.4,50
f,178,162.9,75
f,178,164.7,85
f,178,166,90
f,178,167.8,95
f,178,169,97
f,178,171.2,99
f,179,146.7,1
f,179,149.2,3
f,179,150.6,5
f,179,152.6,10
f,179,153.9,15
f,179,155.8,25
f,179,159.4,50
f,179,163,75
f,179,164.8,85
f,179,166.1,90
f,179,167.9,95
f,179,169.1,97
f,179,171.3,99
f,180,146.8,1
f,180,149.3,3
f,180,150.6,5
f,180,152.6,10
f,180,154,15
f,180,155.9,25
f,180,159.5,50
f,180,163,75
f,180,164.9,85
f,180,166.1,90
f,180,168,95
f,180,169.2,97
f,180,171.4,99
f,181,147,1
f,181,149.4,3
f,181,150.7,5
f,181,152.7,10
f,181,154,15
f,181,156,25
f,181,159.5,50
f,181,163.1,75
f,181,164.9,85
f,181,166.2,90
f,181,168,95
f,181,169.2,97
f,181,171.5,99
f,182,147.1,1
f,182,149.5,3
f,182,150.8,5
f,182,152.8,10
f,182,154.1,15
f,182,156,25
f,182,159.6,50
f,182,163.1,75
f,182,165,85
f,182,166.3,90
f,182,168.1,95
f,182,169.3,97
f,182,171.5,99
f,183,147.2,1
f,183,149.6,3
f,183,150.9,5
f,183,152.8,10
f,183,154.2,15
f,183,156.1,25
f,183,159.7,50
f,183,163.2,75
f,183,165.1,85
f,183,166.3,90
f,183,168.2,95
f,183,169.4,97
f,183,171.6,99
f,184,147.3,1
f,184,149.7,3
f,184,151,5
f,184,152.9,10
f,184,154.2,15
f,184,156.2,25
f,184,159.7,50
f,184,163.2,75
f,184,165.1,85
f,184,166.4,90
f,184,168.2,95
f,184,169.4,97
f,184,171.7,99
f,185,147.4,1
f,185,149.8,3
f,185,151,5
f,185,153,10
f,185,154.3,15
f,185,156.2,25
f,185,159.8,50
f,185,163.3,75
f,185,165.2,85
f,185,166.4,90
f,185,168.3,95
f,185,169.5,97
f,185,171.8,99
f,186,147.5,1
f,186,149.9,3
f,186,151.1,5
f,186,153.1,10
f,186,154.4,15
f,186,156.3,25
f,186,159.8,50
f,186,163.3,75
f,186,165.2,85
f,186,166.5,90
f,186,168.3,95
f,186,169.6,97
f,186,171.8,99
f,187,147.6,1
f,187,149.9,3
f,187,151.2,5
f,187,153.1,10
f,187,154.4,15
f,187,156.3,25
f,187,159.9,50
f,187,163.4,75
f,187,165.2,85
f,187,166.5,90
f,187,168.4,95
f,187,169.6,97
f,187,171.9,99
f,188,147.6,1
f,188,150,3
f,188,151.3,5
f,188,153.2,10
f,188,154.5,15
f,188,156.4,25
f,188,159.9,50
f,188,163.4,75
f,188,165.3,85
f,188,166.6,90
f,188,168.4,95
f,188,169.7,97
f,188,172,99
f,189,147.7,1
f,189,150.1,3
f,189,151.3,5
f,189,153.2,10
f,189,154.5,15
f,189,156.4,25
f,189,159.9,50
f,189,163.4,75
f,189,165.3,85
f,189,166.6,90
f,189,168.5,95
f,189,169.7,97
f,189,172,99
f,190,147.8,1
f,190,150.2,3
f,190,151.4,5
f,190,153.3,10
f,190,154.6,15
f,190,156.5,25
f,190,160,50
f,190,163.5,75
f,190,165.4,85
f,190,166.6,90
f,190,168.5,95
f,190,169.8,97
f,190,172.1,99
f,191,147.9,1
f,191,150.2,3
f,191,151.5,5
f,191,153.3,10
f,191,154.6,15
f,191,156.5,25
f,191,160,50
f,191,163.5,75
f,191,165.4,85
f,191,166.7,90
f,191,168.6,95
f,191,169.8,97
f,191,172.1,99
f,192,148,1
f,192,150.3,3
f,192,151.5,5
f,192,153.4,10
f,192,154.7,15
f,192,156.5,25
f,192,160,50
f,192,163.5,75
f,192,165.4,85
f,192,166.7,90
f,192,168.6,95
f,192,169.8,97
f,192,172.2,99
f,193,148.1,1
f,193,150.4,3
f,193,151.6,5
f,193,153.4,10
f,193,154.7,15
f,193,156.6,25
f,193,160,50
f,193,163.6,75
f,193,165.4,85
f,193,166.7,90
f,193,168.6,95
f,193,169.9,97
f,193,172.2,99
f,194,148.2,1
f,194,150.4,3
f,194,151.6,5
f,194,153.5,10
f,194,154.7,15
f,194,156.6,25
f,194,160.1,50
f,194,163.6,75
f,194,165.5,85
f,194,166.7,90
f,194,168.6,95
f,194,169.9,97
f,194,172.2,99
f,195,148.3,1
f,195,150.5,3
f,195,151.7,5
f,195,153.5,10
f,195,154.8,15
f,195,156.6,25
f,195,160.1,50
f,195,163.6,75
f,195,165.5,85
f,195,166.8,90
f,195,168.7,95
f,195,169.9,97
f,195,172.3,99
f,196,148.3,1
f,196,150.6,3
f,196,151.7,5
f,196,153.6,10
f,196,154.8,15
f,196,156.6,25
f,196,160.1,50
f,196,163.6,75
f,196,165.5,85
f,196,166.8,90
f,196,168.7,95
f,196,169.9,97
f,196,172.3,99
f,197,148.4,1
f,197,150.6,3
f,197,151.8,5
f,197,153.6,10
f,197,154.8,15
f,197,156.7,25
f,197,160.1,50
f,197,163.6,75
f,197,165.5,85
f,197,166.8,90
f,197,168.7,95
f,197,170,97
f,197,172.3,99
f,198,148.5,1
f,198,150.7,3
f,198,151.8,5
f,198,153.7,10
f,198,154.9,15
f,198,156.7,25
f,198,160.1,50
f,198,163.6,75
f,198,165.5,85
f,198,166.8,90
f,198,168.7,95
f,198,170,97
f,198,172.4,99
f,199,148.6,1
f,199,150.7,3
f,199,151.9,5
f,199,153.7,10
f,199,154.9,15
f,199,156.7,25
f,199,160.2,50
f,199,163.6,75
f,199,165.5,85
f,199,166.8,90
f,199,168.7,95
f,199,170,97
f,199,172.4,99
f,200,148.7,1
f,200,150.8,3
f,200,152,5
f,200,153.7,10
f,200,154.9,15
f,200,156.8,25
f,200,160.2,50
f,200,163.6,75
f,200,165.5,85
f,200,166.8,90
f,200,168.8,95
f,200,170,97
f,200,172.4,99
f,201,148.7,1
f,201,150.9,3
f,201,152,5
f,201,153.8,10
f,201,155,15
f,201,156.8,25
f,201,160.2,50
f,201,163.7,75
f,201,165.5,85
f,201,166.8,90
f,201,168.8,95
f,201,170,97
f,201,172.5,99
f,202,148.8,1
f,202,150.9,3
f,202,152.1,5
f,202,153.8,10
f,202,155,15
f,202,156.8,25
f,202,160.2,50
f,202,163.7,75
f,202,165.6,85
f,202,166.9,90
f,202,168.8,95
f,202,170.1,97
f,202,172.5,99
f,203,148.9,1
f,203,151,3
f,203,152.1,5
f,203,153.9,10
f,203,155.1,15
f,203,156.8,25
f,203,160.2,50
f,203,163.7,75
f,203,165.6,85
f,203,166.9,90
f,203,168.8,95
f,203,170.1,97
f,203,172.5,99
f,204,149,1
f,204,151,3
f,204,152.2,5
f,204,153.9,10
f,204,155.1,15
f,204,156.9,25
f,204,160.2,50
f,204,163.7,75
f,204,165.6,85
f,204,166.9,90
f,204,168.8,95
f,204,170.1,97
f,204,172.6,99
f,205,149,1
f,205,151.1,3
f,205,152.2,5
f,205,154,10
f,205,155.1,15
f,205,156.9,25
f,205,160.3,50
f,205,163.7,75
f,205,165.6,85
f,205,166.9,90
f,205,168.9,95
f,205,170.1,97
f,205,172.6,99
f,206,149.1,1
f,206,151.1,3
f,206,152.3,5
f,206,154,10
f,206,155.2,15
f,206,157,25
f,206,160.3,50
f,206,163.8,75
f,206,165.7,85
f,206,167,90
f,206,168.9,95
f,206,170.2,97
f,206,172.6,99
f,207,149.1,1
f,207,151.2,3
f,207,152.3,5
f,207,154,10
f,207,155.2,15
f,207,157,25
f,207,160.4,50
f,207,163.8,75
f,207,165.7,85
f,207,167,90
f,207,168.9,95
f,207,170.2,97
f,207,172.6,99
f,208,149.2,1
f,208,151.3,3
f,208,152.4,5
f,208,154.1,10
f,208,155.3,15
f,208,157,25
f,208,160.4,50
f,208,163.8,75
f,208,165.7,85
f,208,167,90
f,208,169,95
f,208,170.2,97
f,208,172.7,99
f,209,149.2,1
f,209,151.3,3
f,209,152.4,5
f,209,154.1,10
f,209,155.3,15
f,209,157.1,25
f,209,160.4,50
f,209,163.9,75
f,209,165.7,85
f,209,167,90
f,209,169,95
f,209,170.3,97
f,209,172.7,99
f,210,149.3,1
f,210,151.4,3
f,210,152.5,5
f,210,154.2,10
f,210,155.4,15
f,210,157.1,25
f,210,160.5,50
f,210,163.9,75
f,210,165.8,85
f,210,167.1,90
f,210,169,95
f,210,170.3,97
f,210,172.7,99
f,211,149.3,1
f,211,151.4,3
f,211,152.5,5
f,211,154.2,10
f,211,155.4,15
f,211,157.1,25
f,211,160.5,50
f,211,163.9,75
f,211,165.8,85
f,211,167.1,90
f,211,169,95
f,211,170.3,97
f,211,172.8,99
f,212,149.4,1
f,212,151.4,3
f,212,152.5,5
f,212,154.3,10
f,212,155.4,15
f,212,157.2,25
f,212,160.5,50
f,212,163.9,75
f,212,165.8,85
f,212,167.1,90
f,212,169.1,95
f,212,170.3,97
f,212,172.8,99
f,213,149.4,1
f,213,151.5,3
f,213,152.6,5
f,213,154.3,10
f,213,155.5,15
f,213,157.2,25
f,213,160.5,50
f,213,164,75
f,213,165.9,85
f,213,167.1,90
f,213,169.1,95
f,213,170.4,97
f,213,172.8,99
f,214,149.5,1
f,214,151.5,3
f,214,152.6,5
f,214,154.3,10
f,214,155.5,15
f,214,157.3,25
f,214,160.6,50
f,214,164,75
f,214,165.9,85
f,214,167.2,90
f,214,169.1,95
f,214,170.4,97
f,214,172.8,99
f,215,149.5,1
f,215,151.6,3
f,215,152.7,5
f,215,154.4,10
f,215,155.5,15
f,215,157.3,25
f,215,160.6,50
f,215,164,75
f,215,165.9,85
f,215,167.2,90
f,215,169.1,95
f,215,170.4,97
f,215,172.9,99
f,216,149.6,1
f,216,151.6,3
f,216,152.7,5
f,216,154.4,10
f,216,155.6,15
f,216,157.3,25
f,216,160.6,50
f,216,164.1,75
f,216,165.9,85
f,216,167.2,90
f,216,169.2,95
f,216,170.4,97
f,216,172.9,99
f,217,149.6,1
f,217,151.7,3
f,217,152.8,5
f,217,154.5,10
f,217,155.6,15
f,217,157.4,25
f,217,160.7,50
f,217,164.1,75
f,217,166,85
f,217,167.3,90
f,217,169.2,95
f,217,170.5,97
f,217,172.9,99
f,218,149.7,1
f,218,151.7,3
f,218,152.8,5
f,218,154.5,10
f,218,155.7,15
f,218,157.4,25
f,218,160.7,50
f,218,164.1,75
f,218,166,85
f,218,167.3,90
f,218,169.2,95
f,218,170.5,97
f,218,172.9,99
f,219,149.7,1
f,219,151.8,3
f,219,152.9,5
f,219,154.5,10
f,219,155.7,15
f,219,157.4,25
f,219,160.8,50
f,219,164.2,75
f,219,166,85
f,219,167.3,90
f,219,169.3,95
f,219,170.5,97
f,219,173,99
f,220,149.8,1
f,220,151.8,3
f,220,152.9,5
f,220,154.6,10
f,220,155.7,15
f,220,157.5,25
f,220,160.8,50
f,220,164.2,75
f,220,166.1,85
f,220,167.3,90
f,220,169.3,95
f,220,170.6,97
f,220,173,99
f,221,149.8,1
f,221,151.9,3
f,221,152.9,5
f,221,154.6,10
f,221,155.8,15
f,221,157.5,25
f,221,160.8,50
f,221,164.2,75
f,221,166.1,85
f,221,167.4,90
f,221,169.3,95
f,221,170.6,97
f,221,173,99
f,222,149.9,1
f,222,151.9,3
f,222,153,5
f,222,154.7,10
f,222,155.8,15
f,222,157.6,25
f,222,160.9,50
f,222,164.3,75
f,222,166.1,85
f,222,167.4,90
f,222,169.3,95
f,222,170.6,97
f,222,173,99
f,223,149.9,1
f,223,152,3
f,223,153,5
f,223,154.7,10
f,223,155.9,15
f,223,157.6,25
f,223,160.9,50
f,223,164.3,75
f,223,166.2,85
f,223,167.4,90
f,223,169.4,95
f,223,170.6,97
f,223,173.1,99
f,224,150,1
f,224,152,3
f,224,153.1,5
f,224,154.8,10
f,224,155.9,15
f,224,157.6,25
f,224,160.9,50
f,224,164.3,75
f,224,166.2,85
f,224,167.5,90
f,224,169.4,95
f,224,170.7,97
f,224,173.1,99
f,225,150.1,1
f,225,152.1,3
f,225,153.1,5
f,225,154.8,10
f,225,156,15
f,225,157.7,25
f,225,161,50
f,225,164.4,75
f,225,166.2,85
f,225,167.5,90
f,225,169.4,95
f,225,170.7,97
f,225,173.1,99
f,226,150.1,1
f,226,152.1,3
f,226,153.2,5
f,226,154.9,10
f,226,156,15
f,226,157.7,25
f,226,161,50
f,226,164.4,75
f,226,166.3,85
f,226,167.5,90
f,226,169.5,95
f,226,170.7,97
f,226,173.2,99
f,227,150.2,1
f,227,152.2,3
f,227,153.2,5
f,227,154.9,10
f,227,156.1,15
f,227,157.8,25
f,227,161.1,50
f,227,164.4,75
f,227,166.3,85
f,227,167.6,90
f,227,169.5,95
f,227,170.8,97
f,227,173.2,99
