sex,age_month,weight,percentile
m,0,2.3,1
m,0,2.5,3
m,0,2.6,5
m,0,2.8,10
m,0,2.9,15
m,0,3,25
m,0,3.3,50
m,0,3.7,75
m,0,3.9,85
m,0,4,90
m,0,4.2,95
m,0,4.3,97
m,0,4.6,99
m,1,3.2,1
m,1,3.4,3
m,1,3.6,5
m,1,3.8,10
m,1,3.9,15
m,1,4.1,25
m,1,4.5,50
m,1,4.9,75
m,1,5.1,85
m,1,5.3,90
m,1,5.5,95
m,1,5.7,97
m,1,6,99
m,2,4.1,1
m,2,4.4,3
m,2,4.5,5
m,2,4.7,10
m,2,4.9,15
m,2,5.1,25
m,2,5.6,50
m,2,6,75
m,2,6.3,85
m,2,6.5,90
m,2,6.8,95
m,2,7,97
m,2,7.4,99
m,3,4.8,1
m,3,5.1,3
m,3,5.2,5
m,3,5.5,10
m,3,5.6,15
m,3,5.9,25
m,3,6.4,50
m,3,6.9,75
m,3,7.2,85
m,3,7.4,90
m,3,7.7,95
m,3,7.9,97
m,3,8.3,99
m,4,5.4,1
m,4,5.6,3
m,4,5.8,5
m,4,6,10
m,4,6.2,15
m,4,6.5,25
m,4,7,50
m,4,7.6,75
m,4,7.9,85
m,4,8.1,90
m,4,8.4,95
m,4,8.6,97
m,4,9.1,99
m,5,5.8,1
m,5,6.1,3
m,5,6.2,5
m,5,6.5,10
m,5,6.7,15
m,5,7,25
m,5,7.5,50
m,5,8.1,75
m,5,8.4,85
m,5,8.6,90
m,5,9,95
m,5,9.2,97
m,5,9.7,99
m,6,6.1,1
m,6,6.4,3
m,6,6.6,5
m,6,6.9,10
m,6,7.1,15
m,6,7.4,25
m,6,7.9,50
m,6,8.5,75
m,6,8.9,85
m,6,9.1,90
m,6,9.5,95
m,6,9.7,97
m,6,10.2,99
m,7,6.4,1
m,7,6.7,3
m,7,6.9,5
m,7,7.2,10
m,7,7.4,15
m,7,7.7,25
m,7,8.3,50
m,7,8.9,75
m,7,9.3,85
m,7,9.5,90
m,7,9.9,95
m,7,10.2,97
m,7,10.7,99
m,8,6.7,1
m,8,7,3
m,8,7.2,5
m,8,7.5,10
m,8,7.7,15
m,8,8,25
m,8,8.6,50
m,8,9.3,75
m,8,9.6,85
m,8,9.9,90
m,8,10.3,95
m,8,10.5,97
m,8,11.1,99
m,9,6.9,1
m,9,7.2,3
m,9,7.4,5
m,9,7.7,10
m,9,7.9,15
m,9,8.3,25
m,9,8.9,50
m,9,9.6,75
m,9,10,85
m,9,10.2,90
m,9,10.6,95
m,9,10.9,97
m,9,11.4,99
m,10,7.1,1
m,10,7.5,3
m,10,7.7,5
m,10,8,10
m,10,8.2,15
m,10,8.5,25
m,10,9.2,50
m,10,9.9,75
m,10,10.3,85
m,10,10.5,90
m,10,10.9,95
m,10,11.2,97
m,10,11.8,99
m,11,7.3,1
m,11,7.7,3
m,11,7.9,5
m,11,8.2,10
m,11,8.4,15
m,11,8.7,25
m,11,9.4,50
m,11,10.1,75
m,11,10.5,85
m,11,10.8,90
m,11,11.2,95
m,11,11.5,97
m,11,12.1,99
m,12,7.5,1
m,12,7.8,3
m,12,8.1,5
m,12,8.4,10
m,12,8.6,15
m,12,9,25
m,12,9.6,50
m,12,10.4,75
m,12,10.8,85
m,12,11.1,90
m,12,11.5,95
m,12,11.8,97
m,12,12.4,99
m,13,7.6,1
m,13,8,3
m,13,8.2,5
m,13,8.6,10
m,13,8.8,15
m,13,9.2,25
m,13,9.9,50
m,13,10.6,75
m,13,11.1,85
m,13,11.4,90
m,13,11.8,95
m,13,12.1,97
m,13,12.7,99
m,14,7.8,1
m,14,8.2,3
m,14,8.4,5
m,14,8.8,10
m,14,9,15
m,14,9.4,25
m,14,10.1,50
m,14,10.9,75
m,14,11.3,85
m,14,11.6,90
m,14,12.1,95
m,14,12.4,97
m,14,13,99
m,15,8,1
m,15,8.4,3
m,15,8.6,5
m,15,9,10
m,15,9.2,15
m,15,9.6,25
m,15,10.3,50
m,15,11.1,75
m,15,11.6,85
m,15,11.9,90
m,15,12.3,95
m,15,12.7,97
m,15,13.3,99
m,16,8.1,1
m,16,8.5,3
m,16,8.8,5
m,16,9.1,10
m,16,9.4,15
m,16,9.8,25
m,16,10.5,50
m,16,11.3,75
m,16,11.8,85
m,16,12.1,90
m,16,12.6,95
m,16,12.9,97
m,16,13.6,99
m,17,8.3,1
m,17,8.7,3
m,17,8.9,5
m,17,9.3,10
m,17,9.6,15
m,17,10,25
m,17,10.7,50
m,17,11.6,75
m,17,12,85
m,17,12.4,90
m,17,12.9,95
m,17,13.2,97
m,17,13.9,99
m,18,8.4,1
m,18,8.9,3
m,18,9.1,5
m,18,9.5,10
m,18,9.7,15
m,18,10.1,25
m,18,10.9,50
m,18,11.8,75
m,18,12.3,85
m,18,12.6,90
m,18,13.1,95
m,18,13.5,97
m,18,14.2,99
m,19,8.6,1
m,19,9,3
m,19,9.3,5
m,19,9.7,10
m,19,9.9,15
m,19,10.3,25
m,19,11.1,50
m,19,12,75
m,19,12.5,85
m,19,12.9,90
m,19,13.4,95
m,19,13.7,97
m,19,14.4,99
m,20,8.7,1
m,20,9.2,3
m,20,9.4,5
m,20,9.8,10
m,20,10.1,15
m,20,10.5,25
m,20,11.3,50
m,20,12.2,75
m,20,12.7,85
m,20,13.1,90
m,20,13.6,95
m,20,14,97
m,20,14.7,99
m,21,8.9,1
m,21,9.3,3
m,21,9.6,5
m,21,10,10
m,21,10.3,15
m,21,10.7,25
m,21,11.5,50
m,21,12.5,75
m,21,13,85
m,21,13.3,90
m,21,13.9,95
m,21,14.3,97
m,21,15,99
m,22,9,1
m,22,9.5,3
m,22,9.8,5
m,22,10.2,10
m,22,10.5,15
m,22,10.9,25
m,22,11.8,50
m,22,12.7,75
m,22,13.2,85
m,22,13.6,90
m,22,14.2,95
m,22,14.5,97
m,22,15.3,99
m,23,9.2,1
m,23,9.7,3
m,23,9.9,5
m,23,10.3,10
m,23,10.6,15
m,23,11.1,25
m,23,12,50
m,23,12.9,75
m,23,13.4,85
m,23,13.8,90
m,23,14.4,95
m,23,14.8,97
m,23,15.6,99
m,24,9.3,1
m,24,9.8,3
m,24,10.1,5
m,24,10.5,10
m,24,10.8,15
m,24,11.3,25
m,24,12.2,50
m,24,13.1,75
m,24,13.7,85
m,24,14.1,90
m,24,14.7,95
m,24,15.1,97
m,24,15.9,99
m,25,9.5,1
m,25,10,3
m,25,10.2,5
m,25,10.7,10
m,25,11,15
m,25,11.4,25
m,25,12.4,50
m,25,13.3,75
m,25,13.9,85
m,25,14.3,90
m,25,14.9,95
m,25,15.3,97
m,25,16.1,99
m,26,9.6,1
m,26,10.1,3
m,26,10.4,5
m,26,10.8,10
m,26,11.1,15
m,26,11.6,25
m,26,12.5,50
m,26,13.6,75
m,26,14.1,85
m,26,14.6,90
m,26,15.2,95
m,26,15.6,97
m,26,16.4,99
m,27,9.7,1
m,27,10.2,3
m,27,10.5,5
m,27,11,10
m,27,11.3,15
m,27,11.8,25
m,27,12.7,50
m,27,13.8,75
m,27,14.4,85
m,27,14.8,90
m,27,15.4,95
m,27,15.9,97
m,27,16.7,99
m,28,9.9,1
m,28,10.4,3
m,28,10.7,5
m,28,11.1,10
m,28,11.5,15
m,28,12,25
m,28,12.9,50
m,28,14,75
m,28,14.6,85
m,28,15,90
m,28,15.7,95
m,28,16.1,97
m,28,17,99
m,29,10,1
m,29,10.5,3
m,29,10.8,5
m,29,11.3,10
m,29,11.6,15
m,29,12.1,25
m,29,13.1,50
m,29,14.2,75
m,29,14.8,85
m,29,15.2,90
m,29,15.9,95
m,29,16.4,97
m,29,17.3,99
m,30,10.1,1
m,30,10.7,3
m,30,11,5
m,30,11.4,10
m,30,11.8,15
m,30,12.3,25
m,30,13.3,50
m,30,14.4,75
m,30,15,85
m,30,15.5,90
m,30,16.2,95
m,30,16.6,97
m,30,17.5,99
m,31,10.3,1
m,31,10.8,3
m,31,11.1,5
m,31,11.6,10
m,31,11.9,15
m,31,12.4,25
m,31,13.5,50
m,31,14.6,75
m,31,15.2,85
m,31,15.7,90
m,31,16.4,95
m,31,16.9,97
m,31,17.8,99
m,32,10.4,1
m,32,10.9,3
m,32,11.2,5
m,32,11.7,10
m,32,12.1,15
m,32,12.6,25
m,32,13.7,50
m,32,14.8,75
m,32,15.5,85
m,32,15.9,90
m,32,16.6,95
m,32,17.1,97
m,32,18,99
m,33,10.5,1
m,33,11.1,3
m,33,11.4,5
m,33,11.9,10
m,33,12.2,15
m,33,12.8,25
m,33,13.8,50
m,33,15,75
m,33,15.7,85
m,33,16.1,90
m,33,16.9,95
m,33,17.3,97
m,33,18.3,99
m,34,10.6,1
m,34,11.2,3
m,34,11.5,5
m,34,12,10
m,34,12.4,15
m,34,12.9,25
m,34,14,50
m,34,15.2,75
m,34,15.9,85
m,34,16.3,90
m,34,17.1,95
m,34,17.6,97
m,34,18.6,99
m,35,10.7,1
m,35,11.3,3
m,35,11.6,5
m,35,12.2,10
m,35,12.5,15
m,35,13.1,25
m,35,14.2,50
m,35,15.4,75
m,35,16.1,85
m,35,16.6,90
m,35,17.3,95
m,35,17.8,97
m,35,18.8,99
m,36,11.7,1
m,36,12.3,3
m,36,12.6,5
m,36,13,10
m,36,13.3,15
m,36,13.8,25
m,36,14.7,50
m,36,15.7,75
m,36,16.3,85
m,36,16.7,90
m,36,17.3,95
m,36,17.7,97
m,36,18.4,99
m,37,11.9,1
m,37,12.4,3
m,37,12.7,5
m,37,13.2,10
m,37,13.5,15
m,37,14,25
m,37,14.9,50
m,37,15.9,75
m,37,16.5,85
m,37,16.9,90
m,37,17.5,95
m,37,17.9,97
m,37,18.7,99
m,38,12,1
m,38,12.5,3
m,38,12.8,5
m,38,13.3,10
m,38,13.6,15
m,38,14.1,25
m,38,15.1,50
m,38,16.1,75
m,38,16.7,85
m,38,17.1,90
m,38,17.8,95
m,38,18.2,97
m,38,19,99
m,39,12.1,1
m,39,12.7,3
m,39,13,5
m,39,13.4,10
m,39,13.8,15
m,39,14.3,25
m,39,15.3,50
m,39,16.3,75
m,39,16.9,85
m,39,17.4,90
m,39,18,95
m,39,18.5,97
m,39,19.4,99
m,40,12.2,1
m,40,12.8,3
m,40,13.1,5
m,40,13.6,10
m,40,13.9,15
m,40,14.4,25
m,40,15.4,50
m,40,16.5,75
m,40,17.2,85
m,40,17.6,90
m,40,18.3,95
m,40,18.7,97
m,40,19.7,99
m,41,12.4,1
m,41,12.9,3
m,41,13.2,5
m,41,13.7,10
m,41,14,15
m,41,14.6,25
m,41,15.6,50
m,41,16.7,75
m,41,17.4,85
m,41,17.8,90
m,41,18.5,95
m,41,19,97
m,41,20,99
m,42,12.5,1
m,42,13,3
m,42,13.4,5
m,42,13.8,10
m,42,14.2,15
m,42,14.7,25
m,42,15.8,50
m,42,16.9,75
m,42,17.6,85
m,42,18.1,90
m,42,18.8,95
m,42,19.3,97
m,42,20.3,99
m,43,12.6,1
m,43,13.2,3
m,43,13.5,5
m,43,14,10
m,43,14.3,15
m,43,14.9,25
m,43,16,50
m,43,17.1,75
m,43,17.8,85
m,43,18.3,90
m,43,19.1,95
m,43,19.6,97
m,43,20.6,99
m,44,12.7,1
m,44,13.3,3
m,44,13.6,5
m,44,14.1,10
m,44,14.5,15
m,44,15,25
m,44,16.1,50
m,44,17.3,75
m,44,18,85
m,44,18.5,90
m,44,19.3,95
m,44,19.8,97
m,44,20.9,99
m,45,12.9,1
m,45,13.4,3
m,45,13.8,5
m,45,14.3,10
m,45,14.6,15
m,45,15.2,25
m,45,16.3,50
m,45,17.5,75
m,45,18.3,85
m,45,18.8,90
m,45,19.6,95
m,45,20.1,97
m,45,21.2,99
m,46,13,1
m,46,13.6,3
m,46,13.9,5
m,46,14.4,10
m,46,14.8,15
m,46,15.3,25
m,46,16.5,50
m,46,17.7,75
m,46,18.5,85
m,46,19,90
m,46,19.8,95
m,46,20.4,97
m,46,21.5,99
m,47,13.1,1
m,47,13.7,3
m,47,14,5
m,47,14.5,10
m,47,14.9,15
m,47,15.5,25
m,47,16.7,50
m,47,17.9,75
m,47,18.7,85
m,47,19.2,90
m,47,20.1,95
m,47,20.7,97
m,47,21.8,99
m,48,13.2,1
m,48,13.8,3
m,48,14.2,5
m,48,14.7,10
m,48,15.1,15
m,48,15.6,25
m,48,16.8,50
m,48,18.1,75
m,48,18.9,85
m,48,19.5,90
m,48,20.4,95
m,48,20.9,97
m,48,22.2,99
m,49,13.4,1
m,49,14,3
m,49,14.3,5
m,49,14.8,10
m,49,15.2,15
m,49,15.8,25
m,49,17,50
m,49,18.4,75
m,49,19.1,85
m,49,19.7,90
m,49,20.6,95
m,49,21.2,97
m,49,22.5,99
m,50,13.5,1
m,50,14.1,3
m,50,14.4,5
m,50,15,10
m,50,15.4,15
m,50,16,25
m,50,17.2,50
m,50,18.6,75
m,50,19.4,85
m,50,20,90
m,50,20.9,95
m,50,21.5,97
m,50,22.8,99
m,51,13.6,1
m,51,14.2,3
m,51,14.6,5
m,51,15.1,10
m,51,15.5,15
m,51,16.1,25
m,51,17.4,50
m,51,18.8,75
m,51,19.6,85
m,51,20.2,90
m,51,21.1,95
m,51,21.8,97
m,51,23.1,99
m,52,13.7,1
m,52,14.4,3
m,52,14.7,5
m,52,15.3,10
m,52,15.7,15
m,52,16.3,25
m,52,17.5,50
m,52,19,75
m,52,19.8,85
m,52,20.4,90
m,52,21.4,95
m,52,22.1,97
m,52,23.4,99
m,53,13.9,1
m,53,14.5,3
m,53,14.8,5
m,53,15.4,10
m,53,15.8,15
m,53,16.4,25
m,53,17.7,50
m,53,19.2,75
m,53,20,85
m,53,20.7,90
m,53,21.7,95
m,53,22.3,97
m,53,23.8,99
m,54,14,1
m,54,14.6,3
m,54,15,5
m,54,15.5,10
m,54,15.9,15
m,54,16.6,25
m,54,17.9,50
m,54,19.4,75
m,54,20.3,85
m,54,20.9,90
m,54,21.9,95
m,54,22.6,97
m,54,24.1,99
m,55,14.1,1
m,55,14.7,3
m,55,15.1,5
m,55,15.7,10
m,55,16.1,15
m,55,16.7,25
m,55,18.1,50
m,55,19.6,75
m,55,20.5,85
m,55,21.1,90
m,55,22.2,95
m,55,22.9,97
m,55,24.4,99
m,56,14.2,1
m,56,14.9,3
m,56,15.2,5
m,56,15.8,10
m,56,16.2,15
m,56,16.9,25
m,56,18.2,50
m,56,19.8,75
m,56,20.7,85
m,56,21.4,90
m,56,22.5,95
m,56,23.2,97
m,56,24.7,99
m,57,14.4,1
m,57,15,3
m,57,15.4,5
m,57,16,10
m,57,16.4,15
m,57,17.1,25
m,57,18.4,50
m,57,20,75
m,57,20.9,85
m,57,21.6,90
m,57,22.7,95
m,57,23.5,97
m,57,25.1,99
m,58,14.5,1
m,58,15.1,3
m,58,15.5,5
m,58,16.1,10
m,58,16.5,15
m,58,17.2,25
m,58,18.6,50
m,58,20.2,75
m,58,21.2,85
m,58,21.9,90
m,58,23,95
m,58,23.8,97
m,58,25.4,99
m,59,14.6,1
m,59,15.3,3
m,59,15.6,5
m,59,16.3,10
m,59,16.7,15
m,59,17.4,25
m,59,18.8,50
m,59,20.4,75
m,59,21.4,85
m,59,22.1,90
m,59,23.3,95
m,59,24.1,97
m,59,25.7,99
m,60,14.7,1
m,60,15.4,3
m,60,15.8,5
m,60,16.4,10
m,60,16.8,15
m,60,17.5,25
m,60,19,50
m,60,20.6,75
m,60,21.6,85
m,60,22.4,90
m,60,23.5,95
m,60,24.3,97
m,60,26,99
m,61,14.9,1
m,61,15.5,3
m,61,15.9,5
m,61,16.5,10
m,61,17,15
m,61,17.7,25
m,61,19.1,50
m,61,20.8,75
m,61,21.9,85
m,61,22.6,90
m,61,23.8,95
m,61,24.6,97
m,61,26.4,99
m,62,15,1
m,62,15.7,3
m,62,16.1,5
m,62,16.7,10
m,62,17.1,15
m,62,17.9,25
m,62,19.3,50
m,62,21,75
m,62,22.1,85
m,62,22.9,90
m,62,24.1,95
m,62,24.9,97
m,62,26.7,99
m,63,15.1,1
m,63,15.8,3
m,63,16.2,5
m,63,16.8,10
m,63,17.3,15
m,63,18,25
m,63,19.5,50
m,63,21.3,75
m,63,22.3,85
m,63,23.1,90
m,63,24.4,95
m,63,25.2,97
m,63,27.1,99
m,64,15.2,1
m,64,15.9,3
m,64,16.3,5
m,64,17,10
m,64,17.4,15
m,64,18.2,25
m,64,19.7,50
m,64,21.5,75
m,64,22.6,85
m,64,23.4,90
m,64,24.6,95
m,64,25.5,97
m,64,27.4,99
m,65,15.4,1
m,65,16.1,3
m,65,16.5,5
m,65,17.1,10
m,65,17.6,15
m,65,18.3,25
m,65,19.9,50
m,65,21.7,75
m,65,22.8,85
m,65,23.6,90
m,65,24.9,95
m,65,25.8,97
m,65,27.8,99
m,66,15.5,1
m,66,16.2,3
m,66,16.6,5
m,66,17.3,10
m,66,17.8,15
m,66,18.5,25
m,66,20.1,50
m,66,21.9,75
m,66,23.1,85
m,66,23.9,90
m,66,25.2,95
m,66,26.2,97
m,66,28.2,99
m,67,15.6,1
m,67,16.4,3
m,67,16.8,5
m,67,17.4,10
m,67,17.9,15
m,67,18.7,25
m,67,20.3,50
m,67,22.2,75
m,67,23.3,85
m,67,24.2,90
m,67,25.6,95
m,67,26.5,97
m,67,28.6,99
m,68,15.8,1
m,68,16.5,3
m,68,16.9,5
m,68,17.6,10
m,68,18.1,15
m,68,18.9,25
m,68,20.5,50
m,68,22.4,75
m,68,23.6,85
m,68,24.5,90
m,68,25.9,95
m,68,26.9,97
m,68,29,99
m,69,15.9,1
m,69,16.7,3
m,69,17.1,5
m,69,17.8,10
m,69,18.3,15
m,69,19,25
m,69,20.7,50
m,69,22.7,75
m,69,23.9,85
m,69,24.8,90
m,69,26.2,95
m,69,27.3,97
m,69,29.4,99
m,70,16,1
m,70,16.8,3
m,70,17.2,5
m,70,17.9,10
m,70,18.4,15
m,70,19.2,25
m,70,20.9,50
m,70,22.9,75
m,70,24.1,85
m,70,25.1,90
m,70,26.5,95
m,70,27.6,97
m,70,29.9,99
m,71,16.2,1
m,71,16.9,3
m,71,17.4,5
m,71,18.1,10
m,71,18.6,15
m,71,19.4,25
m,71,21.1,50
m,71,23.2,75
m,71,24.4,85
m,71,25.3,90
m,71,26.9,95
m,71,28,97
m,71,30.3,99
m,72,16.3,1
m,72,17.1,3
m,72,17.5,5
m,72,18.3,10
m,72,18.8,15
m,72,19.6,25
m,72,21.3,50
m,72,23.4,75
m,72,24.7,85
m,72,25.7,90
m,72,27.2,95
m,72,28.3,97
m,72,30.7,99
m,73,16.5,1
m,73,17.2,3
m,73,17.7,5
m,73,18.4,10
m,73,19,15
m,73,19.8,25
m,73,21.6,50
m,73,23.7,75
m,73,25,85
m,73,26,90
m,73,27.6,95
m,73,28.7,97
m,73,31.2,99
m,74,16.6,1
m,74,17.4,3
m,74,17.8,5
m,74,18.6,10
m,74,19.1,15
m,74,20,25
m,74,21.8,50
m,74,24,75
m,74,25.3,85
m,74,26.3,90
m,74,27.9,95
m,74,29.1,97
m,74,31.6,99
m,75,16.7,1
m,75,17.5,3
m,75,18,5
m,75,18.8,10
m,75,19.3,15
m,75,20.2,25
m,75,22,50
m,75,24.2,75
m,75,25.6,85
m,75,26.6,90
m,75,28.3,95
m,75,29.5,97
m,75,32.1,99
m,76,16.9,1
m,76,17.7,3
m,76,18.2,5
m,76,18.9,10
m,76,19.5,15
m,76,20.4,25
m,76,22.3,50
m,76,24.5,75
m,76,25.9,85
m,76,27,90
m,76,28.7,95
m,76,29.9,97
m,76,32.5,99
m,77,17,1
m,77,17.8,3
m,77,18.3,5
m,77,19.1,10
m,77,19.7,15
m,77,20.6,25
m,77,22.5,50
m,77,24.8,75
m,77,26.2,85
m,77,27.3,90
m,77,29,95
m,77,30.3,97
m,77,33,99
m,78,17.2,1
m,78,18,3
m,78,18.5,5
m,78,19.3,10
m,78,19.9,15
m,78,20.8,25
m,78,22.7,50
m,78,25.1,75
m,78,26.5,85
m,78,27.6,90
m,78,29.4,95
m,78,30.7,97
m,78,33.4,99
m,79,17.3,1
m,79,18.2,3
m,79,18.7,5
m,79,19.5,10
m,79,20.1,15
m,79,21,25
m,79,23,50
m,79,25.4,75
m,79,26.9,85
m,79,28,90
m,79,29.8,95
m,79,31.1,97
m,79,33.9,99
m,80,17.4,1
m,80,18.3,3
m,80,18.8,5
m,80,19.6,10
m,80,20.2,15
m,80,21.2,25
m,80,23.2,50
m,80,25.7,75
m,80,27.2,85
m,80,28.3,90
m,80,30.2,95
m,80,31.5,97
m,80,34.4,99
m,81,17.6,1
m,81,18.5,3
m,81,19,5
m,81,19.8,10
m,81,20.4,15
m,81,21.4,25
m,81,23.5,50
m,81,25.9,75
m,81,27.5,85
m,81,28.7,90
m,81,30.6,95
m,81,31.9,97
m,81,34.9,99
m,82,17.7,1
m,82,18.6,3
m,82,19.2,5
m,82,20,10
m,82,20.6,15
m,82,21.6,25
m,82,23.7,50
m,82,26.2,75
m,82,27.8,85
m,82,29,90
m,82,30.9,95
m,82,32.3,97
m,82,35.3,99
m,83,17.9,1
m,83,18.8,3
m,83,19.3,5
m,83,20.2,10
m,83,20.8,15
m,83,21.8,25
m,83,24,50
m,83,26.5,75
m,83,28.2,85
m,83,29.4,90
m,83,31.3,95
m,83,32.8,97
m,83,35.8,99
m,84,18,1
m,84,18.9,3
m,84,19.5,5
m,84,20.4,10
m,84,21,15
m,84,22,25
m,84,24.2,50
m,84,26.9,75
m,84,28.5,85
m,84,29.7,90
m,84,31.7,95
m,84,33.2,97
m,84,36.3,99
m,85,18.2,1
m,85,19.1,3
m,85,19.7,5
m,85,20.6,10
m,85,21.2,15
m,85,22.3,25
m,85,24.5,50
m,85,27.2,75
m,85,28.9,85
m,85,30.1,90
m,85,32.2,95
m,85,33.7,97
m,85,36.8,99
m,86,18.3,1
m,86,19.3,3
m,86,19.8,5
m,86,20.7,10
m,86,21.4,15
m,86,22.5,25
m,86,24.7,50
m,86,27.5,75
m,86,29.2,85
m,86,30.5,90
m,86,32.6,95
m,86,34.1,97
m,86,37.4,99
m,87,18.4,1
m,87,19.4,3
m,87,20,5
m,87,20.9,10
m,87,21.6,15
m,87,22.7,25
m,87,25,50
m,87,27.8,75
m,87,29.5,85
m,87,30.9,90
m,87,33,95
m,87,34.5,97
m,87,37.9,99
m,88,18.6,1
m,88,19.6,3
m,88,20.2,5
m,88,21.1,10
m,88,21.8,15
m,88,22.9,25
m,88,25.3,50
m,88,28.1,75
m,88,29.9,85
m,88,31.2,90
m,88,33.4,95
m,88,35,97
m,88,38.4,99
m,89,18.7,1
m,89,19.8,3
m,89,20.3,5
m,89,21.3,10
m,89,22,15
m,89,23.1,25
m,89,25.5,50
m,89,28.4,75
m,89,30.2,85
m,89,31.6,90
m,89,33.8,95
m,89,35.4,97
m,89,38.9,99
m,90,18.9,1
m,90,19.9,3
m,90,20.5,5
m,90,21.5,10
m,90,22.2,15
m,90,23.4,25
m,90,25.8,50
m,90,28.8,75
m,90,30.6,85
m,90,32,90
m,90,34.3,95
m,90,35.9,97
m,90,39.4,99
m,91,19,1
m,91,20.1,3
m,91,20.7,5
m,91,21.7,10
m,91,22.4,15
m,91,23.6,25
m,91,26.1,50
m,91,29.1,75
m,91,31,85
m,91,32.4,90
m,91,34.7,95
m,91,36.4,97
m,91,39.9,99
m,92,19.2,1
m,92,20.2,3
m,92,20.9,5
m,92,21.9,10
m,92,22.6,15
m,92,23.8,25
m,92,26.4,50
m,92,29.4,75
m,92,31.4,85
m,92,32.8,90
m,92,35.2,95
m,92,36.8,97
m,92,40.5,99
m,93,19.3,1
m,93,20.4,3
m,93,21,5
m,93,22.1,10
m,93,22.9,15
m,93,24.1,25
m,93,26.7,50
m,93,29.8,75
m,93,31.7,85
m,93,33.2,90
m,93,35.6,95
m,93,37.3,97
m,93,41,99
m,94,19.4,1
m,94,20.6,3
m,94,21.2,5
m,94,22.3,10
m,94,23.1,15
m,94,24.3,25
m,94,26.9,50
m,94,30.1,75
m,94,32.1,85
m,94,33.6,90
m,94,36,95
m,94,37.8,97
m,94,41.5,99
m,95,19.6,1
m,95,20.7,3
m,95,21.4,5
m,95,22.5,10
m,95,23.3,15
m,95,24.5,25
m,95,27.2,50
m,95,30.5,75
m,95,32.5,85
m,95,34,90
m,95,36.5,95
m,95,38.3,97
m,95,42.1,99
m,96,19.7,1
m,96,20.9,3
m,96,21.6,5
m,96,22.7,10
m,96,23.5,15
m,96,24.8,25
m,96,27.5,50
m,96,30.8,75
m,96,32.9,85
m,96,34.4,90
m,96,36.9,95
m,96,38.7,97
m,96,42.6,99
m,97,19.9,1
m,97,21.1,3
m,97,21.8,5
m,97,22.9,10
m,97,23.7,15
m,97,25,25
m,97,27.8,50
m,97,31.2,75
m,97,33.3,85
m,97,34.8,90
m,97,37.4,95
m,97,39.2,97
m,97,43.1,99
m,98,20,1
m,98,21.3,3
m,98,22,5
m,98,23.1,10
m,98,24,15
m,98,25.3,25
m,98,28.1,50
m,98,31.6,75
m,98,33.7,85
m,98,35.3,90
m,98,37.9,95
m,98,39.7,97
m,98,43.6,99
m,99,20.2,1
m,99,21.4,3
m,99,22.1,5
m,99,23.3,10
m,99,24.2,15
m,99,25.5,25
m,99,28.4,50
m,99,31.9,75
m,99,34.1,85
m,99,35.7,90
m,99,38.3,95
m,99,40.2,97
m,99,44.2,99
m,100,20.3,1
m,100,21.6,3
m,100,22.3,5
m,100,23.5,10
m,100,24.4,15
m,100,25.8,25
m,100,28.7,50
m,100,32.3,75
m,100,34.5,85
m,100,36.1,90
m,100,38.8,95
m,100,40.7,97
m,100,44.7,99
m,101,20.5,1
m,101,21.8,3
m,101,22.5,5
m,101,23.7,10
m,101,24.6,15
m,101,26,25
m,101,29.1,50
m,101,32.7,75
m,101,34.9,85
m,101,36.5,90
m,101,39.2,95
m,101,41.1,97
m,101,45.2,99
m,102,20.6,1
m,102,21.9,3
m,102,22.7,5
m,102,24,10
m,102,24.9,15
m,102,26.3,25
m,102,29.4,50
m,102,33,75
m,102,35.3,85
m,102,37,90
m,102,39.7,95
m,102,41.6,97
m,102,45.7,99
m,103,20.8,1
m,103,22.1,3
m,103,22.9,5
m,103,24.2,10
m,103,25.1,15
m,103,26.6,25
m,103,29.7,50
m,103,33.4,75
m,103,35.7,85
m,103,37.4,90
m,103,40.2,95
m,103,42.2,97
m,103,46.3,99
m,104,20.9,1
m,104,22.3,3
m,104,23.1,5
m,104,24.4,10
m,104,25.3,15
m,104,26.8,25
m,104,30,50
m,104,33.8,75
m,104,36.1,85
m,104,37.9,90
m,104,40.7,95
m,104,42.7,97
m,104,46.8,99
m,105,21,1
m,105,22.5,3
m,105,23.3,5
m,105,24.6,10
m,105,25.6,15
m,105,27.1,25
m,105,30.3,50
m,105,34.2,75
m,105,36.6,85
m,105,38.3,90
m,105,41.1,95
m,105,43.2,97
m,105,47.4,99
m,106,21.2,1
m,106,22.6,3
m,106,23.5,5
m,106,24.8,10
m,106,25.8,15
m,106,27.4,25
m,106,30.7,50
m,106,34.6,75
m,106,37,85
m,106,38.8,90
m,106,41.6,95
m,106,43.7,97
m,106,47.9,99
m,107,21.3,1
m,107,22.8,3
m,107,23.7,5
m,107,25,10
m,107,26,15
m,107,27.6,25
m,107,31,50
m,107,35,75
m,107,37.4,85
m,107,39.2,90
m,107,42.1,95
m,107,44.2,97
m,107,48.4,99
m,108,21.5,1
m,108,23,3
m,108,23.8,5
m,108,25.3,10
m,108,26.3,15
m,108,27.9,25
m,108,31.3,50
m,108,35.4,75
m,108,37.9,85
m,108,39.7,90
m,108,42.6,95
m,108,44.7,97
m,108,49,99
m,109,21.6,1
m,109,23.2,3
m,109,24,5
m,109,25.5,10
m,109,26.5,15
m,109,28.2,25
m,109,31.7,50
m,109,35.8,75
m,109,38.3,85
m,109,40.1,90
m,109,43.1,95
m,109,45.2,97
m,109,49.6,99
m,110,21.8,1
m,110,23.3,3
m,110,24.2,5
m,110,25.7,10
m,110,26.8,15
m,110,28.5,25
m,110,32,50
m,110,36.2,75
m,110,38.7,85
m,110,40.6,90
m,110,43.6,95
m,110,45.7,97
m,110,50.2,99
m,111,21.9,1
m,111,23.5,3
m,111,24.4,5
m,111,25.9,10
m,111,27,15
m,111,28.7,25
m,111,32.3,50
m,111,36.6,75
m,111,39.2,85
m,111,41.1,90
m,111,44.1,95
m,111,46.3,97
m,111,50.7,99
m,112,22.1,1
m,112,23.7,3
m,112,24.6,5
m,112,26.2,10
m,112,27.3,15
m,112,29,25
m,112,32.7,50
m,112,37,75
m,112,39.6,85
m,112,41.5,90
m,112,44.6,95
m,112,46.8,97
m,112,51.3,99
m,113,22.2,1
m,113,23.9,3
m,113,24.8,5
m,113,26.4,10
m,113,27.5,15
m,113,29.3,25
m,113,33,50
m,113,37.4,75
m,113,40.1,85
m,113,42,90
m,113,45.1,95
m,113,47.3,97
m,113,51.9,99
m,114,22.4,1
m,114,24.1,3
m,114,25,5
m,114,26.6,10
m,114,27.8,15
m,114,29.6,25
m,114,33.4,50
m,114,37.8,75
m,114,40.5,85
m,114,42.5,90
m,114,45.7,95
m,114,47.9,97
m,114,52.5,99
m,115,22.5,1
m,115,24.3,3
m,115,25.2,5
m,115,26.9,10
m,115,28,15
m,115,29.9,25
m,115,33.7,50
m,115,38.3,75
m,115,41,85
m,115,43,90
m,115,46.2,95
m,115,48.4,97
m,115,53,99
m,116,22.7,1
m,116,24.4,3
m,116,25.4,5
m,116,27.1,10
m,116,28.3,15
m,116,30.2,25
m,116,34.1,50
m,116,38.7,75
m,116,41.5,85
m,116,43.5,90
m,116,46.7,95
m,116,49,97
m,116,53.6,99
m,117,22.8,1
m,117,24.6,3
m,117,25.6,5
m,117,27.3,10
m,117,28.5,15
m,117,30.4,25
m,117,34.4,50
m,117,39.1,75
m,117,41.9,85
m,117,44,90
m,117,47.2,95
m,117,49.5,97
m,117,54.2,99
m,118,23,1
m,118,24.8,3
m,118,25.9,5
m,118,27.6,10
m,118,28.8,15
m,118,30.7,25
m,118,34.8,50
m,118,39.5,75
m,118,42.4,85
m,118,44.5,90
m,118,47.8,95
m,118,50.1,97
m,118,54.8,99
m,119,23.1,1
m,119,25,3
m,119,26.1,5
m,119,27.8,10
m,119,29.1,15
m,119,31,25
m,119,35.2,50
m,119,40,75
m,119,42.9,85
m,119,45,90
m,119,48.3,95
m,119,50.6,97
m,119,55.4,99
m,120,23.3,1
m,120,25.2,3
m,120,26.3,5
m,120,28.1,10
m,120,29.3,15
m,120,31.3,25
m,120,35.5,50
m,120,40.4,75
m,120,43.3,85
m,120,45.5,90
m,120,48.8,95
m,120,51.2,97
m,120,56,99
m,121,23.5,1
m,121,25.4,3
m,121,26.5,5
m,121,28.3,10
m,121,29.6,15
m,121,31.6,25
m,121,35.9,50
m,121,40.8,75
m,121,43.8,85
m,121,46,90
m,121,49.4,95
m,121,51.8,97
m,121,56.6,99
m,122,23.6,1
m,122,25.6,3
m,122,26.7,5
m,122,28.6,10
m,122,29.9,15
m,122,32,25
m,122,36.3,50
m,122,41.3,75
m,122,44.3,85
m,122,46.5,90
m,122,49.9,95
m,122,52.3,97
m,122,57.2,99
m,123,23.8,1
m,123,25.8,3
m,123,26.9,5
m,123,28.8,10
m,123,30.2,15
m,123,32.3,25
m,123,36.7,50
m,123,41.7,75
m,123,44.8,85
m,123,47,90
m,123,50.5,95
m,123,52.9,97
m,123,57.8,99
m,124,23.9,1
m,124,26,3
m,124,27.2,5
m,124,29.1,10
m,124,30.4,15
m,124,32.6,25
m,124,37,50
m,124,42.2,75
m,124,45.3,85
m,124,47.5,90
m,124,51,95
m,124,53.4,97
m,124,58.4,99
m,125,24.1,1
m,125,26.2,3
m,125,27.4,5
m,125,29.3,10
m,125,30.7,15
m,125,32.9,25
m,125,37.4,50
m,125,42.6,75
m,125,45.7,85
m,125,48,90
m,125,51.5,95
m,125,54,97
m,125,59,99
m,126,24.3,1
m,126,26.4,3
m,126,27.6,5
m,126,29.6,10
m,126,31,15
m,126,33.2,25
m,126,37.8,50
m,126,43.1,75
m,126,46.2,85
m,126,48.5,90
m,126,52.1,95
m,126,54.6,97
m,126,59.6,99
m,127,24.5,1
m,127,26.6,3
m,127,27.9,5
m,127,29.9,10
m,127,31.3,15
m,127,33.5,25
m,127,38.2,50
m,127,43.6,75
m,127,46.7,85
m,127,49,90
m,127,52.7,95
m,127,55.1,97
m,127,60.2,99
m,128,24.6,1
m,128,26.8,3
m,128,28.1,5
m,128,30.1,10
m,128,31.6,15
m,128,33.9,25
m,128,38.6,50
m,128,44,75
m,128,47.2,85
m,128,49.6,90
m,128,53.2,95
m,128,55.7,97
m,128,60.8,99
m,129,24.8,1
m,129,27.1,3
m,129,28.3,5
m,129,30.4,10
m,129,31.9,15
m,129,34.2,25
m,129,39,50
m,129,44.5,75
m,129,47.7,85
m,129,50.1,90
m,129,53.8,95
m,129,56.3,97
m,129,61.4,99
m,130,25,1
m,130,27.3,3
m,130,28.6,5
m,130,30.7,10
m,130,32.2,15
m,130,34.5,25
m,130,39.4,50
m,130,44.9,75
m,130,48.2,85
m,130,50.6,90
m,130,54.3,95
m,130,56.9,97
m,130,62.1,99
m,131,25.2,1
m,131,27.5,3
m,131,28.8,5
m,131,30.9,10
m,131,32.5,15
m,131,34.9,25
m,131,39.8,50
m,131,45.4,75
m,131,48.7,85
m,131,51.1,90
m,131,54.9,95
m,131,57.5,97
m,131,62.7,99
m,132,25.4,1
m,132,27.7,3
m,132,29.1,5
m,132,31.2,10
m,132,32.8,15
m,132,35.2,25
m,132,40.2,50
m,132,45.9,75
m,132,49.3,85
m,132,51.7,90
m,132,55.5,95
m,132,58.1,97
m,132,63.3,99
m,133,25.6,1
m,133,28,3
m,133,29.3,5
m,133,31.5,10
m,133,33.1,15
m,133,35.6,25
m,133,40.6,50
m,133,46.4,75
m,133,49.8,85
m,133,52.2,90
m,133,56.1,95
m,133,58.7,97
m,133,64,99
m,134,25.8,1
m,134,28.2,3
m,134,29.6,5
m,134,31.8,10
m,134,33.4,15
m,134,35.9,25
m,134,41.1,50
m,134,46.9,75
m,134,50.3,85
m,134,52.8,90
m,134,56.6,95
m,134,59.3,97
m,134,64.6,99
m,135,26,1
m,135,28.4,3
m,135,29.8,5
m,135,32.1,10
m,135,33.7,15
m,135,36.3,25
m,135,41.5,50
m,135,47.4,75
m,135,50.8,85
m,135,53.3,90
m,135,57.2,95
m,135,59.9,97
m,135,65.3,99
m,136,26.1,1
m,136,28.7,3
m,136,30.1,5
m,136,32.4,10
m,136,34,15
m,136,36.6,25
m,136,41.9,50
m,136,47.9,75
m,136,51.4,85
m,136,53.9,90
m,136,57.8,95
m,136,60.5,97
m,136,65.9,99
m,137,26.3,1
m,137,28.9,3
m,137,30.3,5
m,137,32.7,10
m,137,34.3,15
m,137,37,25
m,137,42.3,50
m,137,48.3,75
m,137,51.9,85
m,137,54.4,90
m,137,58.4,95
m,137,61.1,97
m,137,66.5,99
m,138,26.6,1
m,138,29.2,3
m,138,30.6,5
m,138,33,10
m,138,34.7,15
m,138,37.3,25
m,138,42.8,50
m,138,48.9,75
m,138,52.4,85
m,138,55,90
m,138,59,95
m,138,61.7,97
m,138,67.2,99
m,139,26.8,1
m,139,29.4,3
m,139,30.9,5
m,139,33.3,10
m,139,35,15
m,139,37.7,25
m,139,43.2,50
m,139,49.4,75
m,139,53,85
m,139,55.6,90
m,139,59.6,95
m,139,62.4,97
m,139,67.9,99
m,140,27,1
m,140,29.7,3
m,140,31.2,5
m,140,33.6,10
m,140,35.4,15
m,140,38.1,25
m,140,43.6,50
m,140,49.9,75
m,140,53.5,85
m,140,56.1,90
m,140,60.2,95
m,140,63,97
m,140,68.5,99
m,141,27.3,1
m,141,30,3
m,141,31.5,5
m,141,34,10
m,141,35.7,15
m,141,38.5,25
m,141,44.1,50
m,141,50.4,75
m,141,54.1,85
m,141,56.7,90
m,141,60.8,95
m,141,63.6,97
m,141,69.2,99
m,142,27.5,1
m,142,30.2,3
m,142,31.8,5
m,142,34.3,10
m,142,36.1,15
m,142,38.9,25
m,142,44.5,50
m,142,50.9,75
m,142,54.6,85
m,142,57.3,90
m,142,61.4,95
m,142,64.2,97
m,142,69.8,99
m,143,27.7,1
m,143,30.5,3
m,143,32.1,5
m,143,34.6,10
m,143,36.4,15
m,143,39.2,25
m,143,45,50
m,143,51.4,75
m,143,55.1,85
m,143,57.8,90
m,143,62,95
m,143,64.8,97
m,143,70.5,99
m,144,28,1
m,144,30.8,3
m,144,32.4,5
m,144,35,10
m,144,36.8,15
m,144,39.6,25
m,144,45.4,50
m,144,51.9,75
m,144,55.7,85
m,144,58.4,90
m,144,62.6,95
m,144,65.4,97
m,144,71.1,99
m,145,28.3,1
m,145,31.1,3
m,145,32.7,5
m,145,35.3,10
m,145,37.2,15
m,145,40,25
m,145,45.9,50
m,145,52.4,75
m,145,56.2,85
m,145,58.9,90
m,145,63.1,95
m,145,66,97
m,145,71.7,99
m,146,28.6,1
m,146,31.4,3
m,146,33.1,5
m,146,35.7,10
m,146,37.5,15
m,146,40.4,25
m,146,46.3,50
m,146,52.9,75
m,146,56.8,85
m,146,59.5,90
m,146,63.7,95
m,146,66.6,97
m,146,72.4,99
m,147,28.8,1
m,147,31.7,3
m,147,33.4,5
m,147,36,10
m,147,37.9,15
m,147,40.8,25
m,147,46.8,50
m,147,53.4,75
m,147,57.3,85
m,147,60,90
m,147,64.3,95
m,147,67.2,97
m,147,73,99
m,148,29.1,1
m,148,32.1,3
m,148,33.7,5
m,148,36.4,10
m,148,38.3,15
m,148,41.3,25
m,148,47.3,50
m,148,53.9,75
m,148,57.8,85
m,148,60.6,90
m,148,64.9,95
m,148,67.8,97
m,148,73.6,99
m,149,29.4,1
m,149,32.4,3
m,149,34,5
m,149,36.7,10
m,149,38.7,15
m,149,41.7,25
m,149,47.7,50
m,149,54.5,75
m,149,58.4,85
m,149,61.2,90
m,149,65.5,95
m,149,68.4,97
m,149,74.2,99
m,150,29.7,1
m,150,32.7,3
m,150,34.4,5
m,150,37.1,10
m,150,39.1,15
m,150,42.1,25
m,150,48.2,50
m,150,55,75
m,150,58.9,85
m,150,61.7,90
m,150,66,95
m,150,69,97
m,150,74.8,99
m,151,30,1
m,151,33,3
m,151,34.7,5
m,151,37.5,10
m,151,39.4,15
m,151,42.5,25
m,151,48.6,50
m,151,55.4,75
m,151,59.4,85
m,151,62.2,90
m,151,66.6,95
m,151,69.5,97
m,151,75.4,99
m,152,30.3,1
m,152,33.4,3
m,152,35.1,5
m,152,37.9,10
m,152,39.8,15
m,152,42.9,25
m,152,49.1,50
m,152,55.9,75
m,152,59.9,85
m,152,62.7,90
m,152,67.1,95
m,152,70.1,97
m,152,75.9,99
m,153,30.6,1
m,153,33.7,3
m,153,35.4,5
m,153,38.2,10
m,153,40.2,15
m,153,43.3,25
m,153,49.5,50
m,153,56.4,75
m,153,60.4,85
m,153,63.3,90
m,153,67.6,95
m,153,70.6,97
m,153,76.5,99
m,154,30.9,1
m,154,34,3
m,154,35.8,5
m,154,38.6,10
m,154,40.6,15
m,154,43.7,25
m,154,50,50
m,154,56.9,75
m,154,61,85
m,154,63.8,90
m,154,68.2,95
m,154,71.2,97
m,154,77,99
m,155,31.2,1
m,155,34.3,3
m,155,36.1,5
m,155,39,10
m,155,41,15
m,155,44.1,25
m,155,50.5,50
m,155,57.4,75
m,155,61.5,85
m,155,64.3,90
m,155,68.7,95
m,155,71.7,97
m,155,77.6,99
m,156,31.5,1
m,156,34.7,3
m,156,36.5,5
m,156,39.4,10
m,156,41.4,15
m,156,44.6,25
m,156,50.9,50
m,156,57.9,75
m,156,61.9,85
m,156,64.8,90
m,156,69.2,95
m,156,72.2,97
m,156,78.1,99
m,157,31.8,1
m,157,35.1,3
m,157,36.9,5
m,157,39.8,10
m,157,41.8,15
m,157,45,25
m,157,51.3,50
m,157,58.4,75
m,157,62.4,85
m,157,65.3,90
m,157,69.7,95
m,157,72.7,97
m,157,78.6,99
m,158,32.2,1
m,158,35.4,3
m,158,37.2,5
m,158,40.1,10
m,158,42.2,15
m,158,45.4,25
m,158,51.8,50
m,158,58.8,75
m,158,62.9,85
m,158,65.8,90
m,158,70.2,95
m,158,73.2,97
m,158,79.1,99
m,159,32.5,1
m,159,35.8,3
m,159,37.6,5
m,159,40.5,10
m,159,42.6,15
m,159,45.8,25
m,159,52.2,50
m,159,59.3,75
m,159,63.4,85
m,159,66.2,90
m,159,70.7,95
m,159,73.6,97
m,159,79.5,99
m,160,32.8,1
m,160,36.1,3
m,160,38,5
m,160,40.9,10
m,160,43,15
m,160,46.2,25
m,160,52.7,50
m,160,59.8,75
m,160,63.8,85
m,160,66.7,90
m,160,71.1,95
m,160,74.1,97
m,160,80,99
m,161,33.2,1
m,161,36.5,3
m,161,38.3,5
m,161,41.3,10
m,161,43.4,15
m,161,46.6,25
m,161,53.1,50
m,161,60.2,75
m,161,64.3,85
m,161,67.2,90
m,161,71.6,95
m,161,74.6,97
m,161,80.5,99
m,162,33.5,1
m,162,36.9,3
m,162,38.7,5
m,162,41.7,10
m,162,43.8,15
m,162,47,25
m,162,53.5,50
m,162,60.6,75
m,162,64.7,85
m,162,67.6,90
m,162,72,95
m,162,75,97
m,162,80.9,99
m,163,33.9,1
m,163,37.2,3
m,163,39.1,5
m,163,42.1,10
m,163,44.2,15
m,163,47.4,25
m,163,53.9,50
m,163,61.1,75
m,163,65.1,85
m,163,68,90
m,163,72.4,95
m,163,75.4,97
m,163,81.3,99
m,164,34.3,1
m,164,37.6,3
m,164,39.5,5
m,164,42.5,10
m,164,44.6,15
m,164,47.9,25
m,164,54.4,50
m,164,61.5,75
m,164,65.6,85
m,164,68.4,90
m,164,72.8,95
m,164,75.8,97
m,164,81.6,99
m,165,34.6,1
m,165,38,3
m,165,39.9,5
m,165,42.9,10
m,165,45,15
m,165,48.3,25
m,165,54.8,50
m,165,61.9,75
m,165,66,85
m,165,68.8,90
m,165,73.2,95
m,165,76.2,97
m,165,82,99
m,166,35,1
m,166,38.4,3
m,166,40.3,5
m,166,43.3,10
m,166,45.4,15
m,166,48.7,25
m,166,55.2,50
m,166,62.3,75
m,166,66.4,85
m,166,69.2,90
m,166,73.6,95
m,166,76.6,97
m,166,82.4,99
m,167,35.4,1
m,167,38.8,3
m,167,40.7,5
m,167,43.7,10
m,167,45.8,15
m,167,49.1,25
m,167,55.6,50
m,167,62.7,75
m,167,66.8,85
m,167,69.7,90
m,167,74,95
m,167,77,97
m,167,82.8,99
m,168,35.8,1
m,168,39.2,3
m,168,41,5
m,168,44.1,10
m,168,46.2,15
m,168,49.5,25
m,168,56,50
m,168,63.1,75
m,168,67.1,85
m,168,70,90
m,168,74.4,95
m,168,77.3,97
m,168,83.1,99
m,169,36.2,1
m,169,39.6,3
m,169,41.4,5
m,169,44.5,10
m,169,46.6,15
m,169,49.9,25
m,169,56.4,50
m,169,63.5,75
m,169,67.5,85
m,169,70.3,90
m,169,74.7,95
m,169,77.6,97
m,169,83.4,99
m,170,36.5,1
m,170,39.9,3
m,170,41.8,5
m,170,44.9,10
m,170,47,15
m,170,50.2,25
m,170,56.7,50
m,170,63.8,75
m,170,67.8,85
m,170,70.7,90
m,170,75,95
m,170,77.9,97
m,170,83.7,99
m,171,36.9,1
m,171,40.3,3
m,171,42.2,5
m,171,45.2,10
m,171,47.4,15
m,171,50.6,25
m,171,57.1,50
m,171,64.2,75
m,171,68.2,85
m,171,71,90
m,171,75.4,95
m,171,78.3,97
m,171,84,99
m,172,37.3,1
m,172,40.7,3
m,172,42.6,5
m,172,45.6,10
m,172,47.8,15
m,172,51,25
m,172,57.5,50
m,172,64.5,75
m,172,68.5,85
m,172,71.4,90
m,172,75.7,95
m,172,78.6,97
m,172,84.3,99
m,173,37.7,1
m,173,41.1,3
m,173,43,5
m,173,46,10
m,173,48.1,15
m,173,51.4,25
m,173,57.9,50
m,173,64.9,75
m,173,68.9,85
m,173,71.7,90
m,173,76,95
m,173,78.9,97
m,173,84.6,99
m,174,38.1,1
m,174,41.5,3
m,174,43.4,5
m,174,46.4,10
m,174,48.5,15
m,174,51.8,25
m,174,58.2,50
m,174,65.2,75
m,174,69.2,85
m,174,72,90
m,174,76.3,95
m,174,79.1,97
m,174,84.8,99
m,175,38.5,1
m,175,41.9,3
m,175,43.7,5
m,175,46.8,10
m,175,48.9,15
m,175,52.1,25
m,175,58.5,50
m,175,65.5,75
m,175,69.5,85
m,175,72.3,90
m,175,76.5,95
m,175,79.4,97
m,175,85,99
m,176,38.9,1
m,176,42.2,3
m,176,44.1,5
m,176,47.1,10
m,176,49.2,15
m,176,52.4,25
m,176,58.9,50
m,176,65.8,75
m,176,69.8,85
m,176,72.5,90
m,176,76.8,95
m,176,79.6,97
m,176,85.2,99
m,177,39.2,1
m,177,42.6,3
m,177,44.5,5
m,177,47.5,10
m,177,49.6,15
m,177,52.8,25
m,177,59.2,50
m,177,66.1,75
m,177,70,85
m,177,72.8,90
m,177,77,95
m,177,79.9,97
m,177,85.4,99
m,178,39.6,1
m,178,43,3
m,178,44.9,5
m,178,47.8,10
m,178,49.9,15
m,178,53.1,25
m,178,59.5,50
m,178,66.4,75
m,178,70.3,85
m,178,73.1,90
m,178,77.3,95
m,178,80.1,97
m,178,85.6,99
m,179,40,1
m,179,43.4,3
m,179,45.2,5
m,179,48.2,10
m,179,50.3,15
m,179,53.5,25
m,179,59.8,50
m,179,66.7,75
m,179,70.6,85
m,179,73.3,90
m,179,77.5,95
m,179,80.3,97
m,179,85.9,99
m,180,40.4,1
m,180,43.7,3
m,180,45.6,5
m,180,48.5,10
m,180,50.6,15
m,180,53.8,25
m,180,60.1,50
m,180,66.9,75
m,180,70.8,85
m,180,73.6,90
m,180,77.7,95
m,180,80.5,97
m,180,86,99
m,181,40.7,1
m,181,44,3
m,181,45.9,5
m,181,48.9,10
m,181,50.9,15
m,181,54.1,25
m,181,60.4,50
m,181,67.2,75
m,181,71.1,85
m,181,73.8,90
m,181,77.9,95
m,181,80.7,97
m,181,86.2,99
m,182,41.1,1
m,182,44.4,3
m,182,46.2,5
m,182,49.2,10
m,182,51.2,15
m,182,54.4,25
m,182,60.7,50
m,182,67.4,75
m,182,71.3,85
m,182,74,90
m,182,78.1,95
m,182,80.9,97
m,182,86.3,99
m,183,41.4,1
m,183,44.7,3
m,183,46.6,5
m,183,49.5,10
m,183,51.6,15
m,183,54.7,25
m,183,60.9,50
m,183,67.7,75
m,183,71.5,85
m,183,74.2,90
m,183,78.3,95
m,183,81.1,97
m,183,86.5,99
m,184,41.8,1
m,184,45.1,3
m,184,46.9,5
m,184,49.8,10
m,184,51.9,15
m,184,55,25
m,184,61.2,50
m,184,67.9,75
m,184,71.7,85
m,184,74.4,90
m,184,78.5,95
m,184,81.2,97
m,184,86.6,99
m,185,42.1,1
m,185,45.4,3
m,185,47.2,5
m,185,50.1,10
m,185,52.2,15
m,185,55.3,25
m,185,61.5,50
m,185,68.2,75
m,185,72,85
m,185,74.6,90
m,185,78.7,95
m,185,81.4,97
m,185,86.8,99
m,186,42.4,1
m,186,45.7,3
m,186,47.5,5
m,186,50.4,10
m,186,52.5,15
m,186,55.6,25
m,186,61.7,50
m,186,68.4,75
m,186,72.1,85
m,186,74.8,90
m,186,78.9,95
m,186,81.6,97
m,186,86.9,99
m,187,42.8,1
m,187,46,3
m,187,47.8,5
m,187,50.7,10
m,187,52.7,15
m,187,55.8,25
m,187,61.9,50
m,187,68.6,75
m,187,72.3,85
m,187,75,90
m,187,79,95
m,187,81.7,97
m,187,87.1,99
m,188,43.1,1
m,188,46.3,3
m,188,48.1,5
m,188,51,10
m,188,53,15
m,188,56.1,25
m,188,62.2,50
m,188,68.8,75
m,188,72.5,85
m,188,75.2,90
m,188,79.2,95
m,188,81.9,97
m,188,87.2,99
m,189,43.4,1
m,189,46.6,3
m,189,48.4,5
m,189,51.3,10
m,189,53.3,15
m,189,56.3,25
m,189,62.4,50
m,189,69,75
m,189,72.7,85
m,189,75.3,90
m,189,79.4,95
m,189,82.1,97
m,189,87.4,99
m,190,43.7,1
m,190,46.9,3
m,190,48.7,5
m,190,51.6,10
m,190,53.5,15
m,190,56.6,25
m,190,62.6,50
m,190,69.2,75
m,190,72.9,85
m,190,75.5,90
m,190,79.5,95
m,190,82.2,97
m,190,87.5,99
m,191,44,1
m,191,47.2,3
m,191,49,5
m,191,51.8,10
m,191,53.8,15
m,191,56.8,25
m,191,62.9,50
m,191,69.4,75
m,191,73.1,85
m,191,75.7,90
m,191,79.7,95
m,191,82.4,97
m,191,87.6,99
m,192,44.3,1
m,192,47.5,3
m,192,49.3,5
m,192,52.1,10
m,192,54,15
m,192,57.1,25
m,192,63.1,50
m,192,69.6,75
m,192,73.3,85
m,192,75.9,90
m,192,79.9,95
m,192,82.5,97
m,192,87.8,99
m,193,44.6,1
m,193,47.8,3
m,193,49.5,5
m,193,52.3,10
m,193,54.3,15
m,193,57.3,25
m,193,63.2,50
m,193,69.7,75
m,193,73.4,85
m,193,76,90
m,193,80,95
m,193,82.7,97
m,193,88,99
m,194,44.9,1
m,194,48,3
m,194,49.8,5
m,194,52.5,10
m,194,54.5,15
m,194,57.5,25
m,194,63.4,50
m,194,69.9,75
m,194,73.6,85
m,194,76.2,90
m,194,80.2,95
m,194,82.9,97
m,194,88.2,99
m,195,45.2,1
m,195,48.3,3
m,195,50,5
m,195,52.8,10
m,195,54.7,15
m,195,57.7,25
m,195,63.6,50
m,195,70.1,75
m,195,73.8,85
m,195,76.4,90
m,195,80.4,95
m,195,83,97
m,195,88.3,99
m,196,45.4,1
m,196,48.5,3
m,196,50.3,5
m,196,53,10
m,196,54.9,15
m,196,57.9,25
m,196,63.8,50
m,196,70.2,75
m,196,73.9,85
m,196,76.5,90
m,196,80.5,95
m,196,83.2,97
m,196,88.5,99
m,197,45.7,1
m,197,48.8,3
m,197,50.5,5
m,197,53.2,10
m,197,55.2,15
m,197,58.1,25
m,197,64,50
m,197,70.4,75
m,197,74.1,85
m,197,76.7,90
m,197,80.7,95
m,197,83.4,97
m,197,88.7,99
m,198,45.9,1
m,198,49,3
m,198,50.7,5
m,198,53.4,10
m,198,55.3,15
m,198,58.3,25
m,198,64.2,50
m,198,70.6,75
m,198,74.2,85
m,198,76.8,90
m,198,80.8,95
m,198,83.5,97
m,198,88.8,99
m,199,46.1,1
m,199,49.2,3
m,199,50.9,5
m,199,53.6,10
m,199,55.5,15
m,199,58.4,25
m,199,64.3,50
m,199,70.7,75
m,199,74.4,85
m,199,77,90
m,199,81,95
m,199,83.7,97
m,199,89,99
m,200,46.3,1
m,200,49.3,3
m,200,51,5
m,200,53.8,10
m,200,55.7,15
m,200,58.6,25
m,200,64.5,50
m,200,70.9,75
m,200,74.5,85
m,200,77.1,90
m,200,81.1,95
m,200,83.8,97
m,200,89.1,99
m,201,46.5,1
m,201,49.5,3
m,201,51.2,5
m,201,53.9,10
m,201,55.8,15
m,201,58.8,25
m,201,64.6,50
m,201,71,75
m,201,74.7,85
m,201,77.3,90
m,201,81.2,95
m,201,83.9,97
m,201,89.3,99
m,202,46.7,1
m,202,49.7,3
m,202,51.4,5
m,202,54.1,10
m,202,56,15
m,202,58.9,25
m,202,64.8,50
m,202,71.1,75
m,202,74.8,85
m,202,77.4,90
m,202,81.4,95
m,202,84.1,97
m,202,89.4,99
m,203,46.9,1
m,203,49.9,3
m,203,51.6,5
m,203,54.3,10
m,203,56.2,15
m,203,59.1,25
m,203,64.9,50
m,203,71.3,75
m,203,74.9,85
m,203,77.5,90
m,203,81.5,95
m,203,84.2,97
m,203,89.6,99
m,204,47,1
m,204,50.1,3
m,204,51.7,5
m,204,54.4,10
m,204,56.3,15
m,204,59.2,25
m,204,65,50
m,204,71.4,75
m,204,75.1,85
m,204,77.7,90
m,204,81.7,95
m,204,84.3,97
m,204,89.7,99
m,205,47.2,1
m,205,50.2,3
m,205,51.9,5
m,205,54.6,10
m,205,56.5,15
m,205,59.4,25
m,205,65.2,50
m,205,71.5,75
m,205,75.2,85
m,205,77.8,90
m,205,81.8,95
m,205,84.5,97
m,205,89.8,99
m,206,47.4,1
m,206,50.4,3
m,206,52.1,5
m,206,54.7,10
m,206,56.6,15
m,206,59.5,25
m,206,65.3,50
m,206,71.7,75
m,206,75.3,85
m,206,77.9,90
m,206,81.9,95
m,206,84.6,97
m,206,89.9,99
m,207,47.5,1
m,207,50.6,3
m,207,52.2,5
m,207,54.9,10
m,207,56.8,15
m,207,59.7,25
m,207,65.5,50
m,207,71.8,75
m,207,75.5,85
m,207,78,90
m,207,82,95
m,207,84.7,97
m,207,90.1,99
m,208,47.7,1
m,208,50.7,3
m,208,52.4,5
m,208,55.1,10
m,208,56.9,15
m,208,59.8,25
m,208,65.6,50
m,208,72,75
m,208,75.6,85
m,208,78.2,90
m,208,82.2,95
m,208,84.8,97
m,208,90.2,99
m,209,47.9,1
m,209,50.9,3
m,209,52.5,5
m,209,55.2,10
m,209,57.1,15
m,209,60,25
m,209,65.8,50
m,209,72.1,75
m,209,75.7,85
m,209,78.3,90
m,209,82.3,95
m,209,85,97
m,209,90.3,99
m,210,48,1
m,210,51,3
m,210,52.7,5
m,210,55.4,10
m,210,57.2,15
m,210,60.1,25
m,210,65.9,50
m,210,72.2,75
m,210,75.9,85
m,210,78.4,90
m,210,82.4,95
m,210,85.1,97
m,210,90.4,99
m,211,48.2,1
m,211,51.2,3
m,211,52.9,5
m,211,55.5,10
m,211,57.4,15
m,211,60.3,25
m,211,66,50
m,211,72.4,75
m,211,76,85
m,211,78.6,90
m,211,82.5,95
m,211,85.2,97
m,211,90.6,99
m,212,48.4,1
m,212,51.4,3
m,212,53,5
m,212,55.7,10
m,212,57.5,15
m,212,60.4,25
m,212,66.2,50
m,212,72.5,75
m,212,76.1,85
m,212,78.7,90
m,212,82.7,95
m,212,85.4,97
m,212,90.7,99
m,213,48.5,1
m,213,51.5,3
m,213,53.2,5
m,213,55.8,10
m,213,57.7,15
m,213,60.6,25
m,213,66.3,50
m,213,72.6,75
m,213,76.3,85
m,213,78.8,90
m,213,82.8,95
m,213,85.5,97
m,213,90.8,99
m,214,48.7,1
m,214,51.7,3
m,214,53.3,5
m,214,56,10
m,214,57.8,15
m,214,60.7,25
m,214,66.4,50
m,214,72.7,75
m,214,76.4,85
m,214,79,90
m,214,82.9,95
m,214,85.6,97
m,214,90.9,99
m,215,48.9,1
m,215,51.8,3
m,215,53.5,5
m,215,56.1,10
m,215,58,15
m,215,60.8,25
m,215,66.6,50
m,215,72.9,75
m,215,76.5,85
m,215,79.1,90
m,215,83.1,95
m,215,85.7,97
m,215,91.1,99
m,216,49,1
m,216,52,3
m,216,53.6,5
m,216,56.3,10
m,216,58.1,15
m,216,61,25
m,216,66.7,50
m,216,73,75
m,216,76.6,85
m,216,79.2,90
m,216,83.2,95
m,216,85.9,97
m,216,91.2,99
m,217,49.2,1
m,217,52.1,3
m,217,53.8,5
m,217,56.4,10
m,217,58.3,15
m,217,61.1,25
m,217,66.9,50
m,217,73.1,75
m,217,76.8,85
m,217,79.3,90
m,217,83.3,95
m,217,86,97
m,217,91.3,99
m,218,49.3,1
m,218,52.3,3
m,218,53.9,5
m,218,56.6,10
m,218,58.4,15
m,218,61.3,25
m,218,67,50
m,218,73.3,75
m,218,76.9,85
m,218,79.5,90
m,218,83.4,95
m,218,86.1,97
m,218,91.5,99
m,219,49.5,1
m,219,52.5,3
m,219,54.1,5
m,219,56.7,10
m,219,58.6,15
m,219,61.4,25
m,219,67.1,50
m,219,73.4,75
m,219,77,85
m,219,79.6,90
m,219,83.6,95
m,219,86.3,97
m,219,91.6,99
m,220,49.7,1
m,220,52.6,3
m,220,54.2,5
m,220,56.9,10
m,220,58.7,15
m,220,61.6,25
m,220,67.3,50
m,220,73.5,75
m,220,77.2,85
m,220,79.7,90
m,220,83.7,95
m,220,86.4,97
m,220,91.7,99
m,221,49.8,1
m,221,52.8,3
m,221,54.4,5
m,221,57,10
m,221,58.9,15
m,221,61.7,25
m,221,67.4,50
m,221,73.7,75
m,221,77.3,85
m,221,79.9,90
m,221,83.8,95
m,221,86.5,97
m,221,91.9,99
m,222,50,1
m,222,52.9,3
m,222,54.5,5
m,222,57.2,10
m,222,59,15
m,222,61.8,25
m,222,67.5,50
m,222,73.8,75
m,222,77.4,85
m,222,80,90
m,222,84,95
m,222,86.6,97
m,222,92,99
m,223,50.1,1
m,223,53.1,3
m,223,54.7,5
m,223,57.3,10
m,223,59.1,15
m,223,62,25
m,223,67.7,50
m,223,73.9,75
m,223,77.6,85
m,223,80.1,90
m,223,84.1,95
m,223,86.8,97
m,223,92.1,99
m,224,50.3,1
m,224,53.2,3
m,224,54.8,5
m,224,57.5,10
m,224,59.3,15
m,224,62.1,25
m,224,67.8,50
m,224,74.1,75
m,224,77.7,85
m,224,80.2,90
m,224,84.2,95
m,224,86.9,97
m,224,92.2,99
m,225,50.4,1
m,225,53.4,3
m,225,55,5
m,225,57.6,10
m,225,59.4,15
m,225,62.3,25
m,225,67.9,50
m,225,74.2,75
m,225,77.8,85
m,225,80.4,90
m,225,84.3,95
m,225,87,97
m,225,92.4,99
m,226,50.6,1
m,226,53.5,3
m,226,55.1,5
m,226,57.7,10
m,226,59.6,15
m,226,62.4,25
m,226,68.1,50
m,226,74.3,75
m,226,77.9,85
m,226,80.5,90
m,226,84.5,95
m,226,87.1,97
m,226,92.5,99
m,227,50.8,1
m,227,53.7,3
m,227,55.3,5
m,227,57.9,10
m,227,59.7,15
m,227,62.5,25
m,227,68.2,50
m,227,74.5,75
m,227,78.1,85
m,227,80.6,90
m,227,84.6,95
m,227,87.3,97
m,227,92.6,99
f,0,2.3,1
f,0,2.4,3
f,0,2.5,5
f,0,2.7,10
f,0,2.8,15
f,0,2.9,25
f,0,3.2,50
f,0,3.6,75
f,0,3.7,85
f,0,3.9,90
f,0,4,95
f,0,4.2,97
f,0,4.4,99
f,1,3,1
f,1,3.2,3
f,1,3.3,5
f,1,3.5,10
f,1,3.6,15
f,1,3.8,25
f,1,4.2,50
f,1,4.6,75
f,1,4.8,85
f,1,5,90
f,1,5.2,95
f,1,5.4,97
f,1,5.7,99
f,2,3.8,1
f,2,4,3
f,2,4.1,5
f,2,4.3,10
f,2,4.5,15
f,2,4.7,25
f,2,5.1,50
f,2,5.6,75
f,2,5.9,85
f,2,6,90
f,2,6.3,95
f,2,6.5,97
f,2,6.9,99
f,3,4.4,1
f,3,4.6,3
f,3,4.7,5
f,3,5,10
f,3,5.1,15
f,3,5.4,25
f,3,5.8,50
f,3,6.4,75
f,3,6.7,85
f,3,6.9,90
f,3,7.2,95
f,3,7.4,97
f,3,7.8,99
f,4,4.8,1
f,4,5.1,3
f,4,5.2,5
f,4,5.5,10
f,4,5.6,15
f,4,5.9,25
f,4,6.4,50
f,4,7,75
f,4,7.3,85
f,4,7.5,90
f,4,7.9,95
f,4,8.1,97
f,4,8.6,99
f,5,5.2,1
f,5,5.5,3
f,5,5.6,5
f,5,5.9,10
f,5,6.1,15
f,5,6.4,25
f,5,6.9,50
f,5,7.5,75
f,5,7.8,85
f,5,8.1,90
f,5,8.4,95
f,5,8.7,97
f,5,9.2,99
f,6,5.5,1
f,6,5.8,3
f,6,6,5
f,6,6.2,10
f,6,6.4,15
f,6,6.7,25
f,6,7.3,50
f,6,7.9,75
f,6,8.3,85
f,6,8.5,90
f,6,8.9,95
f,6,9.2,97
f,6,9.7,99
f,7,5.8,1
f,7,6.1,3
f,7,6.3,5
f,7,6.5,10
f,7,6.7,15
f,7,7,25
f,7,7.6,50
f,7,8.3,75
f,7,8.7,85
f,7,8.9,90
f,7,9.4,95
f,7,9.6,97
f,7,10.2,99
f,8,6,1
f,8,6.3,3
f,8,6.5,5
f,8,6.8,10
f,8,7,15
f,8,7.3,25
f,8,7.9,50
f,8,8.6,75
f,8,9,85
f,8,9.3,90
f,8,9.7,95
f,8,10,97
f,8,10.6,99
f,9,6.2,1
f,9,6.6,3
f,9,6.8,5
f,9,7,10
f,9,7.3,15
f,9,7.6,25
f,9,8.2,50
f,9,8.9,75
f,9,9.3,85
f,9,9.6,90
f,9,10.1,95
f,9,10.4,97
f,9,11,99
f,10,6.4,1
f,10,6.8,3
f,10,7,5
f,10,7.3,10
f,10,7.5,15
f,10,7.8,25
f,10,8.5,50
f,10,9.2,75
f,10,9.6,85
f,10,9.9,90
f,10,10.4,95
f,10,10.7,97
f,10,11.3,99
f,11,6.6,1
f,11,7,3
f,11,7.2,5
f,11,7.5,10
f,11,7.7,15
f,11,8,25
f,11,8.7,50
f,11,9.5,75
f,11,9.9,85
f,11,10.2,90
f,11,10.7,95
f,11,11,97
f,11,11.7,99
f,12,6.8,1
f,12,7.1,3
f,12,7.3,5
f,12,7.7,10
f,12,7.9,15
f,12,8.2,25
f,12,8.9,50
f,12,9.7,75
f,12,10.2,85
f,12,10.5,90
f,12,11,95
f,12,11.3,97
f,12,12,99
f,13,6.9,1
f,13,7.3,3
f,13,7.5,5
f,13,7.9,10
f,13,8.1,15
f,13,8.4,25
f,13,9.2,50
f,13,10,75
f,13,10.4,85
f,13,10.8,90
f,13,11.3,95
f,13,11.6,97
f,13,12.3,99
f,14,7.1,1
f,14,7.5,3
f,14,7.7,5
f,14,8,10
f,14,8.3,15
f,14,8.6,25
f,14,9.4,50
f,14,10.2,75
f,14,10.7,85
f,14,11,90
f,14,11.5,95
f,14,11.9,97
f,14,12.6,99
f,15,7.3,1
f,15,7.7,3
f,15,7.9,5
f,15,8.2,10
f,15,8.5,15
f,15,8.8,25
f,15,9.6,50
f,15,10.4,75
f,15,10.9,85
f,15,11.3,90
f,15,11.8,95
f,15,12.2,97
f,15,12.9,99
f,16,7.4,1
f,16,7.8,3
f,16,8.1,5
f,16,8.4,10
f,16,8.7,15
f,16,9,25
f,16,9.8,50
f,16,10.7,75
f,16,11.2,85
f,16,11.5,90
f,16,12.1,95
f,16,12.5,97
f,16,13.2,99
f,17,7.6,1
f,17,8,3
f,17,8.2,5
f,17,8.6,10
f,17,8.8,15
f,17,9.2,25
f,17,10,50
f,17,10.9,75
f,17,11.4,85
f,17,11.8,90
f,17,12.3,95
f,17,12.7,97
f,17,13.5,99
f,18,7.8,1
f,18,8.2,3
f,18,8.4,5
f,18,8.8,10
f,18,9,15
f,18,9.4,25
f,18,10.2,50
f,18,11.1,75
f,18,11.6,85
f,18,12,90
f,18,12.6,95
f,18,13,97
f,18,13.8,99
f,19,7.9,1
f,19,8.3,3
f,19,8.6,5
f,19,8.9,10
f,19,9.2,15
f,19,9.6,25
f,19,10.4,50
f,19,11.4,75
f,19,11.9,85
f,19,12.3,90
f,19,12.9,95
f,19,13.3,97
f,19,14.1,99
f,20,8.1,1
f,20,8.5,3
f,20,8.7,5
f,20,9.1,10
f,20,9.4,15
f,20,9.8,25
f,20,10.6,50
f,20,11.6,75
f,20,12.1,85
f,20,12.5,90
f,20,13.1,95
f,20,13.5,97
f,20,14.4,99
f,21,8.2,1
f,21,8.7,3
f,21,8.9,5
f,21,9.3,10
f,21,9.6,15
f,21,10,25
f,21,10.9,50
f,21,11.8,75
f,21,12.4,85
f,21,12.8,90
f,21,13.4,95
f,21,13.8,97
f,21,14.6,99
f,22,8.4,1
f,22,8.8,3
f,22,9.1,5
f,22,9.5,10
f,22,9.8,15
f,22,10.2,25
f,22,11.1,50
f,22,12,75
f,22,12.6,85
f,22,13,90
f,22,13.6,95
f,22,14.1,97
f,22,14.9,99
f,23,8.5,1
f,23,9,3
f,23,9.2,5
f,23,9.7,10
f,23,9.9,15
f,23,10.4,25
f,23,11.3,50
f,23,12.3,75
f,23,12.8,85
f,23,13.3,90
f,23,13.9,95
f,23,14.3,97
f,23,15.2,99
f,24,8.7,1
f,24,9.2,3
f,24,9.4,5
f,24,9.8,10
f,24,10.1,15
f,24,10.6,25
f,24,11.5,50
f,24,12.5,75
f,24,13.1,85
f,24,13.5,90
f,24,14.2,95
f,24,14.6,97
f,24,15.5,99
f,25,8.9,1
f,25,9.3,3
f,25,9.6,5
f,25,10,10
f,25,10.3,15
f,25,10.8,25
f,25,11.7,50
f,25,12.7,75
f,25,13.3,85
f,25,13.8,90
f,25,14.4,95
f,25,14.9,97
f,25,15.8,99
f,26,9,1
f,26,9.5,3
f,26,9.8,5
f,26,10.2,10
f,26,10.5,15
f,26,10.9,25
f,26,11.9,50
f,26,12.9,75
f,26,13.6,85
f,26,14,90
f,26,14.7,95
f,26,15.2,97
f,26,16.1,99
f,27,9.2,1
f,27,9.6,3
f,27,9.9,5
f,27,10.4,10
f,27,10.7,15
f,27,11.1,25
f,27,12.1,50
f,27,13.2,75
f,27,13.8,85
f,27,14.3,90
f,27,15,95
f,27,15.4,97
f,27,16.4,99
f,28,9.3,1
f,28,9.8,3
f,28,10.1,5
f,28,10.5,10
f,28,10.8,15
f,28,11.3,25
f,28,12.3,50
f,28,13.4,75
f,28,14,85
f,28,14.5,90
f,28,15.2,95
f,28,15.7,97
f,28,16.7,99
f,29,9.5,1
f,29,10,3
f,29,10.2,5
f,29,10.7,10
f,29,11,15
f,29,11.5,25
f,29,12.5,50
f,29,13.6,75
f,29,14.3,85
f,29,14.7,90
f,29,15.5,95
f,29,16,97
f,29,17,99
f,30,9.6,1
f,30,10.1,3
f,30,10.4,5
f,30,10.9,10
f,30,11.2,15
f,30,11.7,25
f,30,12.7,50
f,30,13.8,75
f,30,14.5,85
f,30,15,90
f,30,15.7,95
f,30,16.2,97
f,30,17.3,99
f,31,9.7,1
f,31,10.3,3
f,31,10.5,5
f,31,11,10
f,31,11.3,15
f,31,11.9,25
f,31,12.9,50
f,31,14.1,75
f,31,14.7,85
f,31,15.2,90
f,31,16,95
f,31,16.5,97
f,31,17.6,99
f,32,9.9,1
f,32,10.4,3
f,32,10.7,5
f,32,11.2,10
f,32,11.5,15
f,32,12,25
f,32,13.1,50
f,32,14.3,75
f,32,15,85
f,32,15.5,90
f,32,16.2,95
f,32,16.8,97
f,32,17.8,99
f,33,10,1
f,33,10.5,3
f,33,10.8,5
f,33,11.3,10
f,33,11.7,15
f,33,12.2,25
f,33,13.3,50
f,33,14.5,75
f,33,15.2,85
f,33,15.7,90
f,33,16.5,95
f,33,17,97
f,33,18.1,99
f,34,10.1,1
f,34,10.7,3
f,34,11,5
f,34,11.5,10
f,34,11.8,15
f,34,12.4,25
f,34,13.5,50
f,34,14.7,75
f,34,15.4,85
f,34,15.9,90
f,34,16.8,95
f,34,17.3,97
f,34,18.4,99
f,35,10.3,1
f,35,10.8,3
f,35,11.1,5
f,35,11.6,10
f,35,12,15
f,35,12.5,25
f,35,13.7,50
f,35,14.9,75
f,35,15.7,85
f,35,16.2,90
f,35,17,95
f,35,17.6,97
f,35,18.7,99
f,36,11.1,1
f,36,11.7,3
f,36,12,5
f,36,12.4,10
f,36,12.8,15
f,36,13.3,25
f,36,14.2,50
f,36,15.2,75
f,36,15.7,85
f,36,16.1,90
f,36,16.6,95
f,36,17,97
f,36,17.6,99
f,37,11.2,1
f,37,11.8,3
f,37,12.1,5
f,37,12.6,10
f,37,12.9,15
f,37,13.4,25
f,37,14.4,50
f,37,15.4,75
f,37,15.9,85
f,37,16.3,90
f,37,16.9,95
f,37,17.2,97
f,37,17.9,99
f,38,11.4,1
f,38,11.9,3
f,38,12.2,5
f,38,12.7,10
f,38,13.1,15
f,38,13.6,25
f,38,14.5,50
f,38,15.6,75
f,38,16.1,85
f,38,16.5,90
f,38,17.1,95
f,38,17.5,97
f,38,18.3,99
f,39,11.5,1
f,39,12.1,3
f,39,12.4,5
f,39,12.9,10
f,39,13.2,15
f,39,13.7,25
f,39,14.7,50
f,39,15.8,75
f,39,16.3,85
f,39,16.8,90
f,39,17.4,95
f,39,17.8,97
f,39,18.6,99
f,40,11.6,1
f,40,12.2,3
f,40,12.5,5
f,40,13,10
f,40,13.3,15
f,40,13.9,25
f,40,14.9,50
f,40,16,75
f,40,16.6,85
f,40,17,90
f,40,17.6,95
f,40,18.1,97
f,40,18.9,99
f,41,11.8,1
f,41,12.3,3
f,41,12.7,5
f,41,13.1,10
f,41,13.5,15
f,41,14,25
f,41,15.1,50
f,41,16.2,75
f,41,16.8,85
f,41,17.2,90
f,41,17.9,95
f,41,18.3,97
f,41,19.2,99
f,42,11.9,1
f,42,12.5,3
f,42,12.8,5
f,42,13.3,10
f,42,13.6,15
f,42,14.2,25
f,42,15.2,50
f,42,16.4,75
f,42,17,85
f,42,17.5,90
f,42,18.1,95
f,42,18.6,97
f,42,19.5,99
f,43,12,1
f,43,12.6,3
f,43,12.9,5
f,43,13.4,10
f,43,13.8,15
f,43,14.3,25
f,43,15.4,50
f,43,16.6,75
f,43,17.2,85
f,43,17.7,90
f,43,18.4,95
f,43,18.9,97
f,43,19.8,99
f,44,12.2,1
f,44,12.7,3
f,44,13.1,5
f,44,13.6,10
f,44,13.9,15
f,44,14.5,25
f,44,15.6,50
f,44,16.8,75
f,44,17.4,85
f,44,17.9,90
f,44,18.7,95
f,44,19.2,97
f,44,20.2,99
f,45,12.3,1
f,45,12.9,3
f,45,13.2,5
f,45,13.7,10
f,45,14.1,15
f,45,14.6,25
f,45,15.7,50
f,45,17,75
f,45,17.7,85
f,45,18.2,90
f,45,18.9,95
f,45,19.5,97
f,45,20.5,99
f,46,12.4,1
f,46,13,3
f,46,13.3,5
f,46,13.9,10
f,46,14.2,15
f,46,14.8,25
f,46,15.9,50
f,46,17.2,75
f,46,17.9,85
f,46,18.4,90
f,46,19.2,95
f,46,19.7,97
f,46,20.8,99
f,47,12.6,1
f,47,13.1,3
f,47,13.5,5
f,47,14,10
f,47,14.4,15
f,47,14.9,25
f,47,16.1,50
f,47,17.4,75
f,47,18.1,85
f,47,18.6,90
f,47,19.5,95
f,47,20,97
f,47,21.1,99
f,48,12.7,1
f,48,13.3,3
f,48,13.6,5
f,48,14.1,10
f,48,14.5,15
f,48,15.1,25
f,48,16.3,50
f,48,17.6,75
f,48,18.3,85
f,48,18.9,90
f,48,19.7,95
f,48,20.3,97
f,48,21.5,99
f,49,12.8,1
f,49,13.4,3
f,49,13.7,5
f,49,14.3,10
f,49,14.7,15
f,49,15.2,25
f,49,16.4,50
f,49,17.8,75
f,49,18.5,85
f,49,19.1,90
f,49,20,95
f,49,20.6,97
f,49,21.8,99
f,50,13,1
f,50,13.6,3
f,50,13.9,5
f,50,14.4,10
f,50,14.8,15
f,50,15.4,25
f,50,16.6,50
f,50,18,75
f,50,18.8,85
f,50,19.3,90
f,50,20.2,95
f,50,20.9,97
f,50,22.1,99
f,51,13.1,1
f,51,13.7,3
f,51,14,5
f,51,14.6,10
f,51,15,15
f,51,15.6,25
f,51,16.8,50
f,51,18.2,75
f,51,19,85
f,51,19.6,90
f,51,20.5,95
f,51,21.1,97
f,51,22.4,99
f,52,13.2,1
f,52,13.8,3
f,52,14.2,5
f,52,14.7,10
f,52,15.1,15
f,52,15.7,25
f,52,17,50
f,52,18.4,75
f,52,19.2,85
f,52,19.8,90
f,52,20.8,95
f,52,21.4,97
f,52,22.8,99
f,53,13.3,1
f,53,14,3
f,53,14.3,5
f,53,14.9,10
f,53,15.2,15
f,53,15.9,25
f,53,17.1,50
f,53,18.6,75
f,53,19.4,85
f,53,20,90
f,53,21,95
f,53,21.7,97
f,53,23.1,99
f,54,13.5,1
f,54,14.1,3
f,54,14.4,5
f,54,15,10
f,54,15.4,15
f,54,16,25
f,54,17.3,50
f,54,18.8,75
f,54,19.7,85
f,54,20.3,90
f,54,21.3,95
f,54,22,97
f,54,23.4,99
f,55,13.6,1
f,55,14.2,3
f,55,14.6,5
f,55,15.1,10
f,55,15.5,15
f,55,16.2,25
f,55,17.5,50
f,55,19,75
f,55,19.9,85
f,55,20.5,90
f,55,21.6,95
f,55,22.3,97
f,55,23.8,99
f,56,13.7,1
f,56,14.4,3
f,56,14.7,5
f,56,15.3,10
f,56,15.7,15
f,56,16.3,25
f,56,17.7,50
f,56,19.2,75
f,56,20.1,85
f,56,20.8,90
f,56,21.8,95
f,56,22.6,97
f,56,24.1,99
f,57,13.9,1
f,57,14.5,3
f,57,14.8,5
f,57,15.4,10
f,57,15.8,15
f,57,16.5,25
f,57,17.8,50
f,57,19.4,75
f,57,20.3,85
f,57,21,90
f,57,22.1,95
f,57,22.9,97
f,57,24.4,99
f,58,14,1
f,58,14.6,3
f,58,15,5
f,58,15.6,10
f,58,16,15
f,58,16.6,25
f,58,18,50
f,58,19.6,75
f,58,20.5,85
f,58,21.2,90
f,58,22.4,95
f,58,23.1,97
f,58,24.8,99
f,59,14.1,1
f,59,14.8,3
f,59,15.1,5
f,59,15.7,10
f,59,16.1,15
f,59,16.8,25
f,59,18.2,50
f,59,19.8,75
f,59,20.8,85
f,59,21.5,90
f,59,22.6,95
f,59,23.4,97
f,59,25.1,99
f,60,14.2,1
f,60,14.9,3
f,60,15.3,5
f,60,15.9,10
f,60,16.3,15
f,60,17,25
f,60,18.4,50
f,60,20,75
f,60,21,85
f,60,21.7,90
f,60,22.9,95
f,60,23.7,97
f,60,25.4,99
f,61,14.4,1
f,61,15,3
f,61,15.4,5
f,61,16,10
f,61,16.4,15
f,61,17.1,25
f,61,18.5,50
f,61,20.2,75
f,61,21.2,85
f,61,22,90
f,61,23.2,95
f,61,24,97
f,61,25.8,99
f,62,14.5,1
f,62,15.2,3
f,62,15.5,5
f,62,16.1,10
f,62,16.6,15
f,62,17.3,25
f,62,18.7,50
f,62,20.4,75
f,62,21.5,85
f,62,22.2,90
f,62,23.4,95
f,62,24.3,97
f,62,26.1,99
f,63,14.6,1
f,63,15.3,3
f,63,15.7,5
f,63,16.3,10
f,63,16.7,15
f,63,17.4,25
f,63,18.9,50
f,63,20.6,75
f,63,21.7,85
f,63,22.5,90
f,63,23.7,95
f,63,24.6,97
f,63,26.5,99
f,64,14.8,1
f,64,15.4,3
f,64,15.8,5
f,64,16.4,10
f,64,16.9,15
f,64,17.6,25
f,64,19.1,50
f,64,20.8,75
f,64,21.9,85
f,64,22.7,90
f,64,24,95
f,64,24.9,97
f,64,26.8,99
f,65,14.9,1
f,65,15.6,3
f,65,16,5
f,65,16.6,10
f,65,17,15
f,65,17.8,25
f,65,19.3,50
f,65,21,75
f,65,22.1,85
f,65,22.9,90
f,65,24.3,95
f,65,25.2,97
f,65,27.2,99
f,66,15,1
f,66,15.7,3
f,66,16.1,5
f,66,16.7,10
f,66,17.2,15
f,66,17.9,25
f,66,19.5,50
f,66,21.3,75
f,66,22.4,85
f,66,23.2,90
f,66,24.6,95
f,66,25.5,97
f,66,27.6,99
f,67,15.1,1
f,67,15.8,3
f,67,16.2,5
f,67,16.9,10
f,67,17.3,15
f,67,18.1,25
f,67,19.7,50
f,67,21.5,75
f,67,22.7,85
f,67,23.5,90
f,67,24.9,95
f,67,25.9,97
f,67,28,99
f,68,15.3,1
f,68,16,3
f,68,16.4,5
f,68,17,10
f,68,17.5,15
f,68,18.3,25
f,68,19.9,50
f,68,21.7,75
f,68,22.9,85
f,68,23.8,90
f,68,25.2,95
f,68,26.2,97
f,68,28.4,99
f,69,15.4,1
f,69,16.1,3
f,69,16.5,5
f,69,17.2,10
f,69,17.7,15
f,69,18.4,25
f,69,20.1,50
f,69,22,75
f,69,23.2,85
f,69,24.1,90
f,69,25.5,95
f,69,26.6,97
f,69,28.8,99
f,70,15.5,1
f,70,16.2,3
f,70,16.6,5
f,70,17.3,10
f,70,17.8,15
f,70,18.6,25
f,70,20.2,50
f,70,22.2,75
f,70,23.4,85
f,70,24.4,90
f,70,25.8,95
f,70,26.9,97
f,70,29.2,99
f,71,15.6,1
f,71,16.4,3
f,71,16.8,5
f,71,17.5,10
f,71,18,15
f,71,18.8,25
f,71,20.4,50
f,71,22.5,75
f,71,23.7,85
f,71,24.6,90
f,71,26.2,95
f,71,27.2,97
f,71,29.6,99
f,72,15.7,1
f,72,16.5,3
f,72,16.9,5
f,72,17.6,10
f,72,18.1,15
f,72,18.9,25
f,72,20.7,50
f,72,22.7,75
f,72,24,85
f,72,24.9,90
f,72,26.5,95
f,72,27.6,97
f,72,30,99
f,73,15.9,1
f,73,16.6,3
f,73,17.1,5
f,73,17.8,10
f,73,18.3,15
f,73,19.1,25
f,73,20.9,50
f,73,23,75
f,73,24.3,85
f,73,25.3,90
f,73,26.8,95
f,73,28,97
f,73,30.4,99
f,74,16,1
f,74,16.8,3
f,74,17.2,5
f,74,17.9,10
f,74,18.5,15
f,74,19.3,25
f,74,21.1,50
f,74,23.2,75
f,74,24.6,85
f,74,25.6,90
f,74,27.2,95
f,74,28.4,97
f,74,30.9,99
f,75,16.1,1
f,75,16.9,3
f,75,17.4,5
f,75,18.1,10
f,75,18.6,15
f,75,19.5,25
f,75,21.3,50
f,75,23.5,75
f,75,24.9,85
f,75,25.9,90
f,75,27.5,95
f,75,28.7,97
f,75,31.3,99
f,76,16.2,1
f,76,17,3
f,76,17.5,5
f,76,18.3,10
f,76,18.8,15
f,76,19.7,25
f,76,21.5,50
f,76,23.7,75
f,76,25.1,85
f,76,26.2,90
f,76,27.9,95
f,76,29.1,97
f,76,31.7,99
f,77,16.4,1
f,77,17.2,3
f,77,17.6,5
f,77,18.4,10
f,77,19,15
f,77,19.9,25
f,77,21.7,50
f,77,24,75
f,77,25.4,85
f,77,26.5,90
f,77,28.2,95
f,77,29.5,97
f,77,32.2,99
f,78,16.5,1
f,78,17.3,3
f,78,17.8,5
f,78,18.6,10
f,78,19.1,15
f,78,20,25
f,78,22,50
f,78,24.3,75
f,78,25.7,85
f,78,26.8,90
f,78,28.6,95
f,78,29.9,97
f,78,32.6,99
f,79,16.6,1
f,79,17.5,3
f,79,17.9,5
f,79,18.7,10
f,79,19.3,15
f,79,20.2,25
f,79,22.2,50
f,79,24.6,75
f,79,26,85
f,79,27.2,90
f,79,29,95
f,79,30.3,97
f,79,33.1,99
f,80,16.7,1
f,80,17.6,3
f,80,18.1,5
f,80,18.9,10
f,80,19.5,15
f,80,20.4,25
f,80,22.4,50
f,80,24.8,75
f,80,26.4,85
f,80,27.5,90
f,80,29.3,95
f,80,30.7,97
f,80,33.5,99
f,81,16.9,1
f,81,17.7,3
f,81,18.2,5
f,81,19.1,10
f,81,19.7,15
f,81,20.6,25
f,81,22.7,50
f,81,25.1,75
f,81,26.7,85
f,81,27.8,90
f,81,29.7,95
f,81,31.1,97
f,81,34,99
f,82,17,1
f,82,17.9,3
f,82,18.4,5
f,82,19.2,10
f,82,19.9,15
f,82,20.8,25
f,82,22.9,50
f,82,25.4,75
f,82,27,85
f,82,28.2,90
f,82,30.1,95
f,82,31.5,97
f,82,34.5,99
f,83,17.1,1
f,83,18,3
f,83,18.5,5
f,83,19.4,10
f,83,20,15
f,83,21,25
f,83,23.1,50
f,83,25.7,75
f,83,27.3,85
f,83,28.5,90
f,83,30.5,95
f,83,31.9,97
f,83,34.9,99
f,84,17.3,1
f,84,18.2,3
f,84,18.7,5
f,84,19.6,10
f,84,20.2,15
f,84,21.2,25
f,84,23.4,50
f,84,26,75
f,84,27.6,85
f,84,28.8,90
f,84,30.9,95
f,84,32.3,97
f,84,35.4,99
f,85,17.4,1
f,85,18.3,3
f,85,18.9,5
f,85,19.8,10
f,85,20.4,15
f,85,21.4,25
f,85,23.6,50
f,85,26.3,75
f,85,28,85
f,85,29.2,90
f,85,31.3,95
f,85,32.7,97
f,85,35.9,99
f,86,17.5,1
f,86,18.5,3
f,86,19,5
f,86,19.9,10
f,86,20.6,15
f,86,21.6,25
f,86,23.9,50
f,86,26.6,75
f,86,28.3,85
f,86,29.6,90
f,86,31.7,95
f,86,33.2,97
f,86,36.4,99
f,87,17.7,1
f,87,18.6,3
f,87,19.2,5
f,87,20.1,10
f,87,20.8,15
f,87,21.9,25
f,87,24.1,50
f,87,26.9,75
f,87,28.6,85
f,87,29.9,90
f,87,32.1,95
f,87,33.6,97
f,87,36.9,99
f,88,17.8,1
f,88,18.8,3
f,88,19.4,5
f,88,20.3,10
f,88,21,15
f,88,22.1,25
f,88,24.4,50
f,88,27.2,75
f,88,29,85
f,88,30.3,90
f,88,32.5,95
f,88,34,97
f,88,37.4,99
f,89,17.9,1
f,89,18.9,3
f,89,19.5,5
f,89,20.5,10
f,89,21.2,15
f,89,22.3,25
f,89,24.6,50
f,89,27.5,75
f,89,29.3,85
f,89,30.7,90
f,89,32.9,95
f,89,34.4,97
f,89,37.9,99
f,90,18.1,1
f,90,19.1,3
f,90,19.7,5
f,90,20.7,10
f,90,21.4,15
f,90,22.5,25
f,90,24.9,50
f,90,27.8,75
f,90,29.7,85
f,90,31,90
f,90,33.3,95
f,90,34.9,97
f,90,38.4,99
f,91,18.2,1
f,91,19.3,3
f,91,19.9,5
f,91,20.9,10
f,91,21.6,15
f,91,22.7,25
f,91,25.2,50
f,91,28.2,75
f,91,30,85
f,91,31.4,90
f,91,33.7,95
f,91,35.3,97
f,91,38.9,99
f,92,18.3,1
f,92,19.4,3
f,92,20,5
f,92,21,10
f,92,21.8,15
f,92,23,25
f,92,25.5,50
f,92,28.5,75
f,92,30.4,85
f,92,31.8,90
f,92,34.1,95
f,92,35.8,97
f,92,39.4,99
f,93,18.5,1
f,93,19.6,3
f,93,20.2,5
f,93,21.2,10
f,93,22,15
f,93,23.2,25
f,93,25.7,50
f,93,28.8,75
f,93,30.7,85
f,93,32.2,90
f,93,34.5,95
f,93,36.2,97
f,93,39.9,99
f,94,18.6,1
f,94,19.7,3
f,94,20.4,5
f,94,21.4,10
f,94,22.2,15
f,94,23.4,25
f,94,26,50
f,94,29.1,75
f,94,31.1,85
f,94,32.6,90
f,94,35,95
f,94,36.7,97
f,94,40.4,99
f,95,18.8,1
f,95,19.9,3
f,95,20.5,5
f,95,21.6,10
f,95,22.4,15
f,95,23.6,25
f,95,26.3,50
f,95,29.5,75
f,95,31.5,85
f,95,32.9,90
f,95,35.4,95
f,95,37.1,97
f,95,40.9,99
f,96,18.9,1
f,96,20.1,3
f,96,20.7,5
f,96,21.8,10
f,96,22.6,15
f,96,23.9,25
f,96,26.6,50
f,96,29.8,75
f,96,31.8,85
f,96,33.4,90
f,96,35.8,95
f,96,37.6,97
f,96,41.4,99
f,97,19.1,1
f,97,20.3,3
f,97,20.9,5
f,97,22,10
f,97,22.8,15
f,97,24.1,25
f,97,26.8,50
f,97,30.2,75
f,97,32.2,85
f,97,33.8,90
f,97,36.3,95
f,97,38.1,97
f,97,42,99
f,98,19.2,1
f,98,20.4,3
f,98,21.1,5
f,98,22.2,10
f,98,23.1,15
f,98,24.4,25
f,98,27.1,50
f,98,30.5,75
f,98,32.6,85
f,98,34.2,90
f,98,36.7,95
f,98,38.6,97
f,98,42.5,99
f,99,19.4,1
f,99,20.6,3
f,99,21.3,5
f,99,22.4,10
f,99,23.3,15
f,99,24.6,25
f,99,27.4,50
f,99,30.8,75
f,99,33,85
f,99,34.6,90
f,99,37.2,95
f,99,39,97
f,99,43,99
f,100,19.5,1
f,100,20.8,3
f,100,21.5,5
f,100,22.6,10
f,100,23.5,15
f,100,24.8,25
f,100,27.7,50
f,100,31.2,75
f,100,33.4,85
f,100,35,90
f,100,37.6,95
f,100,39.5,97
f,100,43.6,99
f,101,19.7,1
f,101,20.9,3
f,101,21.7,5
f,101,22.8,10
f,101,23.7,15
f,101,25.1,25
f,101,28,50
f,101,31.5,75
f,101,33.7,85
f,101,35.4,90
f,101,38.1,95
f,101,40,97
f,101,44.1,99
f,102,19.9,1
f,102,21.1,3
f,102,21.9,5
f,102,23.1,10
f,102,23.9,15
f,102,25.3,25
f,102,28.3,50
f,102,31.9,75
f,102,34.1,85
f,102,35.8,90
f,102,38.5,95
f,102,40.5,97
f,102,44.6,99
f,103,20,1
f,103,21.3,3
f,103,22.1,5
f,103,23.3,10
f,103,24.2,15
f,103,25.6,25
f,103,28.6,50
f,103,32.3,75
f,103,34.5,85
f,103,36.2,90
f,103,39,95
f,103,41,97
f,103,45.2,99
f,104,20.2,1
f,104,21.5,3
f,104,22.3,5
f,104,23.5,10
f,104,24.4,15
f,104,25.9,25
f,104,28.9,50
f,104,32.6,75
f,104,35,85
f,104,36.7,90
f,104,39.5,95
f,104,41.5,97
f,104,45.8,99
f,105,20.4,1
f,105,21.7,3
f,105,22.5,5
f,105,23.7,10
f,105,24.7,15
f,105,26.1,25
f,105,29.2,50
f,105,33,75
f,105,35.4,85
f,105,37.1,90
f,105,39.9,95
f,105,42,97
f,105,46.3,99
f,106,20.5,1
f,106,21.9,3
f,106,22.7,5
f,106,24,10
f,106,24.9,15
f,106,26.4,25
f,106,29.6,50
f,106,33.4,75
f,106,35.8,85
f,106,37.5,90
f,106,40.4,95
f,106,42.5,97
f,106,46.9,99
f,107,20.7,1
f,107,22.1,3
f,107,22.9,5
f,107,24.2,10
f,107,25.1,15
f,107,26.6,25
f,107,29.9,50
f,107,33.7,75
f,107,36.2,85
f,107,38,90
f,107,40.9,95
f,107,43,97
f,107,47.4,99
f,108,20.9,1
f,108,22.3,3
f,108,23.1,5
f,108,24.4,10
f,108,25.4,15
f,108,26.9,25
f,108,30.2,50
f,108,34.1,75
f,108,36.6,85
f,108,38.4,90
f,108,41.4,95
f,108,43.5,97
f,108,48,99
f,109,21.1,1
f,109,22.5,3
f,109,23.3,5
f,109,24.7,10
f,109,25.6,15
f,109,27.2,25
f,109,30.5,50
f,109,34.5,75
f,109,37,85
f,109,38.9,90
f,109,41.9,95
f,109,44,97
f,109,48.6,99
f,110,21.2,1
f,110,22.7,3
f,110,23.5,5
f,110,24.9,10
f,110,25.9,15
f,110,27.5,25
f,110,30.9,50
f,110,34.9,75
f,110,37.5,85
f,110,39.3,90
f,110,42.4,95
f,110,44.5,97
f,110,49.1,99
f,111,21.4,1
f,111,22.9,3
f,111,23.7,5
f,111,25.1,10
f,111,26.2,15
f,111,27.8,25
f,111,31.2,50
f,111,35.3,75
f,111,37.9,85
f,111,39.8,90
f,111,42.9,95
f,111,45.1,97
f,111,49.7,99
f,112,21.6,1
f,112,23.1,3
f,112,24,5
f,112,25.4,10
f,112,26.4,15
f,112,28.1,25
f,112,31.5,50
f,112,35.7,75
f,112,38.3,85
f,112,40.2,90
f,112,43.4,95
f,112,45.6,97
f,112,50.3,99
f,113,21.8,1
f,113,23.3,3
f,113,24.2,5
f,113,25.6,10
f,113,26.7,15
f,113,28.3,25
f,113,31.9,50
f,113,36.1,75
f,113,38.7,85
f,113,40.7,90
f,113,43.9,95
f,113,46.1,97
f,113,50.9,99
f,114,22,1
f,114,23.5,3
f,114,24.4,5
f,114,25.9,10
f,114,26.9,15
f,114,28.6,25
f,114,32.2,50
f,114,36.5,75
f,114,39.2,85
f,114,41.2,90
f,114,44.4,95
f,114,46.6,97
f,114,51.4,99
f,115,22.1,1
f,115,23.7,3
f,115,24.6,5
f,115,26.1,10
f,115,27.2,15
f,115,28.9,25
f,115,32.6,50
f,115,37,75
f,115,39.7,85
f,115,41.7,90
f,115,44.9,95
f,115,47.2,97
f,115,52,99
f,116,22.3,1
f,116,23.9,3
f,116,24.8,5
f,116,26.4,10
f,116,27.5,15
f,116,29.2,25
f,116,32.9,50
f,116,37.4,75
f,116,40.1,85
f,116,42.1,90
f,116,45.4,95
f,116,47.7,97
f,116,52.6,99
f,117,22.5,1
f,117,24.1,3
f,117,25.1,5
f,117,26.6,10
f,117,27.7,15
f,117,29.5,25
f,117,33.3,50
f,117,37.8,75
f,117,40.6,85
f,117,42.6,90
f,117,45.9,95
f,117,48.3,97
f,117,53.2,99
f,118,22.7,1
f,118,24.3,3
f,118,25.3,5
f,118,26.9,10
f,118,28,15
f,118,29.8,25
f,118,33.7,50
f,118,38.2,75
f,118,41,85
f,118,43.1,90
f,118,46.4,95
f,118,48.8,97
f,118,53.7,99
f,119,22.8,1
f,119,24.5,3
f,119,25.5,5
f,119,27.1,10
f,119,28.3,15
f,119,30.1,25
f,119,34,50
f,119,38.6,75
f,119,41.5,85
f,119,43.6,90
f,119,46.9,95
f,119,49.3,97
f,119,54.3,99
f,120,23,1
f,120,24.8,3
f,120,25.8,5
f,120,27.4,10
f,120,28.6,15
f,120,30.4,25
f,120,34.4,50
f,120,39.1,75
f,120,42,85
f,120,44.1,90
f,120,47.5,95
f,120,49.9,97
f,120,54.9,99
f,121,23.2,1
f,121,25,3
f,121,26,5
f,121,27.7,10
f,121,28.9,15
f,121,30.8,25
f,121,34.8,50
f,121,39.5,75
f,121,42.4,85
f,121,44.6,90
f,121,48,95
f,121,50.4,97
f,121,55.4,99
f,122,23.4,1
f,122,25.2,3
f,122,26.2,5
f,122,27.9,10
f,122,29.1,15
f,122,31.1,25
f,122,35.2,50
f,122,40,75
f,122,42.9,85
f,122,45.1,90
f,122,48.5,95
f,122,51,97
f,122,56,99
f,123,23.6,1
f,123,25.4,3
f,123,26.5,5
f,123,28.2,10
f,123,29.4,15
f,123,31.4,25
f,123,35.5,50
f,123,40.4,75
f,123,43.4,85
f,123,45.6,90
f,123,49.1,95
f,123,51.5,97
f,123,56.6,99
f,124,23.8,1
f,124,25.7,3
f,124,26.7,5
f,124,28.5,10
f,124,29.7,15
f,124,31.7,25
f,124,35.9,50
f,124,40.9,75
f,124,43.9,85
f,124,46.1,90
f,124,49.6,95
f,124,52,97
f,124,57.2,99
f,125,24,1
f,125,25.9,3
f,125,27,5
f,125,28.7,10
f,125,30,15
f,125,32,25
f,125,36.3,50
f,125,41.3,75
f,125,44.3,85
f,125,46.6,90
f,125,50.1,95
f,125,52.6,97
f,125,57.7,99
f,126,24.2,1
f,126,26.1,3
f,126,27.2,5
f,126,29,10
f,126,30.3,15
f,126,32.4,25
f,126,36.7,50
f,126,41.7,75
f,126,44.8,85
f,126,47,90
f,126,50.6,95
f,126,53.1,97
f,126,58.3,99
f,127,24.4,1
f,127,26.4,3
f,127,27.5,5
f,127,29.3,10
f,127,30.6,15
f,127,32.7,25
f,127,37.1,50
f,127,42.2,75
f,127,45.3,85
f,127,47.5,90
f,127,51.1,95
f,127,53.6,97
f,127,58.8,99
f,128,24.6,1
f,128,26.6,3
f,128,27.8,5
f,128,29.6,10
f,128,31,15
f,128,33.1,25
f,128,37.5,50
f,128,42.6,75
f,128,45.8,85
f,128,48,90
f,128,51.6,95
f,128,54.2,97
f,128,59.3,99
f,129,24.9,1
f,129,26.9,3
f,129,28,5
f,129,29.9,10
f,129,31.3,15
f,129,33.4,25
f,129,37.9,50
f,129,43.1,75
f,129,46.2,85
f,129,48.5,90
f,129,52.2,95
f,129,54.7,97
f,129,59.9,99
f,130,25.1,1
f,130,27.1,3
f,130,28.3,5
f,130,30.2,10
f,130,31.6,15
f,130,33.8,25
f,130,38.3,50
f,130,43.6,75
f,130,46.7,85
f,130,49,90
f,130,52.7,95
f,130,55.2,97
f,130,60.4,99
f,131,25.3,1
f,131,27.4,3
f,131,28.6,5
f,131,30.5,10
f,131,31.9,15
f,131,34.1,25
f,131,38.7,50
f,131,44,75
f,131,47.2,85
f,131,49.5,90
f,131,53.2,95
f,131,55.7,97
f,131,61,99
f,132,25.6,1
f,132,27.7,3
f,132,28.9,5
f,132,30.8,10
f,132,32.2,15
f,132,34.5,25
f,132,39.1,50
f,132,44.4,75
f,132,47.7,85
f,132,50,90
f,132,53.7,95
f,132,56.2,97
f,132,61.5,99
f,133,25.8,1
f,133,27.9,3
f,133,29.2,5
f,133,31.1,10
f,133,32.6,15
f,133,34.8,25
f,133,39.5,50
f,133,44.9,75
f,133,48.1,85
f,133,50.4,90
f,133,54.1,95
f,133,56.7,97
f,133,62,99
f,134,26,1
f,134,28.2,3
f,134,29.4,5
f,134,31.5,10
f,134,32.9,15
f,134,35.2,25
f,134,39.9,50
f,134,45.3,75
f,134,48.6,85
f,134,50.9,90
f,134,54.6,95
f,134,57.2,97
f,134,62.4,99
f,135,26.3,1
f,135,28.5,3
f,135,29.7,5
f,135,31.8,10
f,135,33.2,15
f,135,35.5,25
f,135,40.3,50
f,135,45.8,75
f,135,49,85
f,135,51.4,90
f,135,55.1,95
f,135,57.7,97
f,135,62.9,99
f,136,26.5,1
f,136,28.8,3
f,136,30,5
f,136,32.1,10
f,136,33.6,15
f,136,35.9,25
f,136,40.7,50
f,136,46.2,75
f,136,49.5,85
f,136,51.8,90
f,136,55.6,95
f,136,58.2,97
f,136,63.4,99
f,137,26.8,1
f,137,29,3
f,137,30.3,5
f,137,32.4,10
f,137,33.9,15
f,137,36.2,25
f,137,41.1,50
f,137,46.6,75
f,137,49.9,85
f,137,52.3,90
f,137,56.1,95
f,137,58.7,97
f,137,63.9,99
f,138,27,1
f,138,29.3,3
f,138,30.6,5
f,138,32.7,10
f,138,34.2,15
f,138,36.6,25
f,138,41.5,50
f,138,47,75
f,138,50.4,85
f,138,52.7,90
f,138,56.5,95
f,138,59.1,97
f,138,64.3,99
f,139,27.3,1
f,139,29.6,3
f,139,30.9,5
f,139,33,10
f,139,34.6,15
f,139,36.9,25
f,139,41.8,50
f,139,47.4,75
f,139,50.8,85
f,139,53.2,90
f,139,56.9,95
f,139,59.5,97
f,139,64.8,99
f,140,27.6,1
f,140,29.9,3
f,140,31.2,5
f,140,33.4,10
f,140,34.9,15
f,140,37.3,25
f,140,42.2,50
f,140,47.9,75
f,140,51.2,85
f,140,53.6,90
f,140,57.4,95
f,140,60,97
f,140,65.2,99
f,141,27.9,1
f,141,30.2,3
f,141,31.5,5
f,141,33.7,10
f,141,35.2,15
f,141,37.7,25
f,141,42.6,50
f,141,48.3,75
f,141,51.6,85
f,141,54,90
f,141,57.8,95
f,141,60.4,97
f,141,65.7,99
f,142,28.1,1
f,142,30.5,3
f,142,31.8,5
f,142,34,10
f,142,35.6,15
f,142,38,25
f,142,43,50
f,142,48.7,75
f,142,52,85
f,142,54.5,90
f,142,58.2,95
f,142,60.8,97
f,142,66.1,99
f,143,28.4,1
f,143,30.8,3
f,143,32.1,5
f,143,34.3,10
f,143,35.9,15
f,143,38.4,25
f,143,43.4,50
f,143,49.1,75
f,143,52.5,85
f,143,54.9,90
f,143,58.7,95
f,143,61.3,97
f,143,66.5,99
f,144,28.7,1
f,144,31.1,3
f,144,32.5,5
f,144,34.7,10
f,144,36.2,15
f,144,38.7,25
f,144,43.7,50
f,144,49.5,75
f,144,52.8,85
f,144,55.3,90
f,144,59.1,95
f,144,61.7,97
f,144,66.9,99
f,145,29,1
f,145,31.4,3
f,145,32.8,5
f,145,35,10
f,145,36.6,15
f,145,39,25
f,145,44.1,50
f,145,49.8,75
f,145,53.2,85
f,145,55.6,90
f,145,59.4,95
f,145,62,97
f,145,67.3,99
f,146,29.3,1
f,146,31.7,3
f,146,33.1,5
f,146,35.3,10
f,146,36.9,15
f,146,39.4,25
f,146,44.4,50
f,146,50.2,75
f,146,53.6,85
f,146,56,90
f,146,59.8,95
f,146,62.4,97
f,146,67.7,99
f,147,29.6,1
f,147,32.1,3
f,147,33.4,5
f,147,35.7,10
f,147,37.2,15
f,147,39.7,25
f,147,44.8,50
f,147,50.6,75
f,147,53.9,85
f,147,56.4,90
f,147,60.2,95
f,147,62.8,97
f,147,68.1,99
f,148,29.9,1
f,148,32.4,3
f,148,33.7,5
f,148,36,10
f,148,37.6,15
f,148,40.1,25
f,148,45.2,50
f,148,50.9,75
f,148,54.3,85
f,148,56.8,90
f,148,60.6,95
f,148,63.2,97
f,148,68.4,99
f,149,30.2,1
f,149,32.7,3
f,149,34.1,5
f,149,36.3,10
f,149,37.9,15
f,149,40.4,25
f,149,45.5,50
f,149,51.3,75
f,149,54.7,85
f,149,57.1,90
f,149,60.9,95
f,149,63.6,97
f,149,68.8,99
f,150,30.5,1
f,150,33,3
f,150,34.4,5
f,150,36.6,10
f,150,38.2,15
f,150,40.7,25
f,150,45.8,50
f,150,51.6,75
f,150,55,85
f,150,57.4,90
f,150,61.3,95
f,150,63.9,97
f,150,69.1,99
f,151,30.9,1
f,151,33.3,3
f,151,34.7,5
f,151,36.9,10
f,151,38.5,15
f,151,41,25
f,151,46.1,50
f,151,51.9,75
f,151,55.3,85
f,151,57.7,90
f,151,61.6,95
f,151,64.2,97
f,151,69.4,99
f,152,31.2,1
f,152,33.6,3
f,152,35,5
f,152,37.3,10
f,152,38.9,15
f,152,41.3,25
f,152,46.5,50
f,152,52.2,75
f,152,55.6,85
f,152,58,90
f,152,61.9,95
f,152,64.5,97
f,152,69.7,99
f,153,31.5,1
f,153,33.9,3
f,153,35.3,5
f,153,37.6,10
f,153,39.2,15
f,153,41.7,25
f,153,46.8,50
f,153,52.5,75
f,153,55.9,85
f,153,58.4,90
f,153,62.2,95
f,153,64.8,97
f,153,70,99
f,154,31.8,1
f,154,34.3,3
f,154,35.6,5
f,154,37.9,10
f,154,39.5,15
f,154,42,25
f,154,47.1,50
f,154,52.8,75
f,154,56.2,85
f,154,58.7,90
f,154,62.5,95
f,154,65.1,97
f,154,70.3,99
f,155,32.1,1
f,155,34.6,3
f,155,36,5
f,155,38.2,10
f,155,39.8,15
f,155,42.3,25
f,155,47.4,50
f,155,53.1,75
f,155,56.5,85
f,155,59,90
f,155,62.8,95
f,155,65.4,97
f,155,70.6,99
f,156,32.4,1
f,156,34.9,3
f,156,36.3,5
f,156,38.5,10
f,156,40.1,15
f,156,42.6,25
f,156,47.7,50
f,156,53.4,75
f,156,56.8,85
f,156,59.2,90
f,156,63,95
f,156,65.6,97
f,156,70.8,99
f,157,32.7,1
f,157,35.2,3
f,157,36.5,5
f,157,38.8,10
f,157,40.4,15
f,157,42.9,25
f,157,47.9,50
f,157,53.6,75
f,157,57,85
f,157,59.4,90
f,157,63.2,95
f,157,65.8,97
f,157,71.1,99
f,158,33,1
f,158,35.5,3
f,158,36.8,5
f,158,39.1,10
f,158,40.7,15
f,158,43.1,25
f,158,48.2,50
f,158,53.9,75
f,158,57.3,85
f,158,59.7,90
f,158,63.5,95
f,158,66.1,97
f,158,71.3,99
f,159,33.3,1
f,159,35.8,3
f,159,37.1,5
f,159,39.4,10
f,159,40.9,15
f,159,43.4,25
f,159,48.5,50
f,159,54.2,75
f,159,57.5,85
f,159,59.9,90
f,159,63.7,95
f,159,66.3,97
f,159,71.5,99
f,160,33.6,1
f,160,36.1,3
f,160,37.4,5
f,160,39.6,10
f,160,41.2,15
f,160,43.7,25
f,160,48.7,50
f,160,54.4,75
f,160,57.8,85
f,160,60.2,90
f,160,63.9,95
f,160,66.5,97
f,160,71.7,99
f,161,33.9,1
f,161,36.4,3
f,161,37.7,5
f,161,39.9,10
f,161,41.5,15
f,161,44,25
f,161,49,50
f,161,54.7,75
f,161,58,85
f,161,60.4,90
f,161,64.2,95
f,161,66.7,97
f,161,71.9,99
f,162,34.2,1
f,162,36.6,3
f,162,38,5
f,162,40.2,10
f,162,41.7,15
f,162,44.2,25
f,162,49.2,50
f,162,54.9,75
f,162,58.2,85
f,162,60.6,90
f,162,64.3,95
f,162,66.9,97
f,162,72.1,99
f,163,34.5,1
f,163,36.9,3
f,163,38.2,5
f,163,40.4,10
f,163,42,15
f,163,44.4,25
f,163,49.4,50
f,163,55.1,75
f,163,58.4,85
f,163,60.8,90
f,163,64.5,95
f,163,67.1,97
f,163,72.3,99
f,164,34.7,1
f,164,37.1,3
f,164,38.5,5
f,164,40.7,10
f,164,42.2,15
f,164,44.7,25
f,164,49.7,50
f,164,55.3,75
f,164,58.6,85
f,164,61,90
f,164,64.7,95
f,164,67.3,97
f,164,72.4,99
f,165,35,1
f,165,37.4,3
f,165,38.7,5
f,165,40.9,10
f,165,42.5,15
f,165,44.9,25
f,165,49.9,50
f,165,55.5,75
f,165,58.8,85
f,165,61.2,90
f,165,64.9,95
f,165,67.5,97
f,165,72.6,99
f,166,35.2,1
f,166,37.6,3
f,166,39,5
f,166,41.2,10
f,166,42.7,15
f,166,45.1,25
f,166,50.1,50
f,166,55.7,75
f,166,59,85
f,166,61.4,90
f,166,65.1,95
f,166,67.6,97
f,166,72.8,99
f,167,35.5,1
f,167,37.9,3
f,167,39.2,5
f,167,41.4,10
f,167,43,15
f,167,45.4,25
f,167,50.3,50
f,167,55.9,75
f,167,59.2,85
f,167,61.6,90
f,167,65.3,95
f,167,67.8,97
f,167,73,99
f,168,35.7,1
f,168,38.1,3
f,168,39.5,5
f,168,41.6,10
f,168,43.2,15
f,168,45.6,25
f,168,50.5,50
f,168,56.1,75
f,168,59.4,85
f,168,61.7,90
f,168,65.4,95
f,168,67.9,97
f,168,73.1,99
f,169,35.9,1
f,169,38.3,3
f,169,39.7,5
f,169,41.8,10
f,169,43.4,15
f,169,45.8,25
f,169,50.7,50
f,169,56.3,75
f,169,59.5,85
f,169,61.9,90
f,169,65.6,95
f,169,68.1,97
f,169,73.2,99
f,170,36.2,1
f,170,38.6,3
f,170,39.9,5
f,170,42.1,10
f,170,43.6,15
f,170,46,25
f,170,50.9,50
f,170,56.4,75
f,170,59.7,85
f,170,62,90
f,170,65.7,95
f,170,68.2,97
f,170,73.3,99
f,171,36.4,1
f,171,38.8,3
f,171,40.1,5
f,171,42.3,10
f,171,43.8,15
f,171,46.2,25
f,171,51.1,50
f,171,56.6,75
f,171,59.9,85
f,171,62.2,90
f,171,65.8,95
f,171,68.3,97
f,171,73.4,99
f,172,36.6,1
f,172,39,3
f,172,40.3,5
f,172,42.5,10
f,172,44,15
f,172,46.4,25
f,172,51.3,50
f,172,56.8,75
f,172,60,85
f,172,62.3,90
f,172,66,95
f,172,68.5,97
f,172,73.5,99
f,173,36.8,1
f,173,39.2,3
f,173,40.6,5
f,173,42.7,10
f,173,44.2,15
f,173,46.6,25
f,173,51.5,50
f,173,57,75
f,173,60.2,85
f,173,62.5,90
f,173,66.1,95
f,173,68.6,97
f,173,73.6,99
f,174,37,1
f,174,39.4,3
f,174,40.7,5
f,174,42.9,10
f,174,44.4,15
f,174,46.8,25
f,174,51.6,50
f,174,57.1,75
f,174,60.3,85
f,174,62.6,90
f,174,66.2,95
f,174,68.7,97
f,174,73.6,99
f,175,37.2,1
f,175,39.6,3
f,175,40.9,5
f,175,43.1,10
f,175,44.6,15
f,175,47,25
f,175,51.8,50
f,175,57.2,75
f,175,60.4,85
f,175,62.7,90
f,175,66.3,95
f,175,68.8,97
f,175,73.7,99
f,176,37.4,1
f,176,39.8,3
f,176,41.1,5
f,176,43.2,10
f,176,44.8,15
f,176,47.1,25
f,176,52,50
f,176,57.4,75
f,176,60.6,85
f,176,62.8,90
f,176,66.4,95
f,176,68.9,97
f,176,73.8,99
f,177,37.6,1
f,177,40,3
f,177,41.3,5
f,177,43.4,10
f,177,44.9,15
f,177,47.3,25
f,177,52.1,50
f,177,57.5,75
f,177,60.7,85
f,177,63,90
f,177,66.5,95
f,177,68.9,97
f,177,73.8,99
f,178,37.8,1
f,178,40.1,3
f,178,41.5,5
f,178,43.6,10
f,178,45.1,15
f,178,47.5,25
f,178,52.3,50
f,178,57.7,75
f,178,60.8,85
f,178,63.1,90
f,178,66.6,95
f,178,69,97
f,178,73.9,99
f,179,38,1
f,179,40.3,3
f,179,41.6,5
f,179,43.8,10
f,179,45.3,15
f,179,47.7,25
f,179,52.4,50
f,179,57.8,75
f,179,61,85
f,179,63.2,90
f,179,66.7,95
f,179,69.1,97
f,179,73.9,99
f,180,38.1,1
f,180,40.5,3
f,180,41.8,5
f,180,43.9,10
f,180,45.4,15
f,180,47.8,25
f,180,52.6,50
f,180,57.9,75
f,180,61,85
f,180,63.3,90
f,180,66.8,95
f,180,69.2,97
f,180,74,99
f,181,38.3,1
f,181,40.6,3
f,181,41.9,5
f,181,44.1,10
f,181,45.6,15
f,181,47.9,25
f,181,52.7,50
f,181,58,75
f,181,61.1,85
f,181,63.4,90
f,181,66.9,95
f,181,69.2,97
f,181,74,99
f,182,38.4,1
f,182,40.8,3
f,182,42.1,5
f,182,44.2,10
f,182,45.7,15
f,182,48.1,25
f,182,52.8,50
f,182,58.1,75
f,182,61.2,85
f,182,63.5,90
f,182,66.9,95
f,182,69.3,97
f,182,74.1,99
f,183,38.6,1
f,183,40.9,3
f,183,42.2,5
f,183,44.3,10
f,183,45.9,15
f,183,48.2,25
f,183,52.9,50
f,183,58.2,75
f,183,61.3,85
f,183,63.5,90
f,183,67,95
f,183,69.4,97
f,183,74.1,99
f,184,38.7,1
f,184,41.1,3
f,184,42.4,5
f,184,44.5,10
f,184,46,15
f,184,48.3,25
f,184,53,50
f,184,58.3,75
f,184,61.4,85
f,184,63.6,90
f,184,67.1,95
f,184,69.4,97
f,184,74.1,99
f,185,38.9,1
f,185,41.2,3
f,185,42.5,5
f,185,44.6,10
f,185,46.1,15
f,185,48.5,25
f,185,53.2,50
f,185,58.4,75
f,185,61.5,85
f,185,63.7,90
f,185,67.1,95
f,185,69.5,97
f,185,74.2,99
f,186,39,1
f,186,41.3,3
f,186,42.6,5
f,186,44.7,10
f,186,46.2,15
f,186,48.5,25
f,186,53.2,50
f,186,58.5,75
f,186,61.6,85
f,186,63.8,90
f,186,67.2,95
f,186,69.5,97
f,186,74.2,99
f,187,39.1,1
f,187,41.4,3
f,187,42.7,5
f,187,44.8,10
f,187,46.3,15
f,187,48.6,25
f,187,53.3,50
f,187,58.6,75
f,187,61.6,85
f,187,63.8,90
f,187,67.2,95
f,187,69.6,97
f,187,74.2,99
f,188,39.2,1
f,188,41.5,3
f,188,42.8,5
f,188,44.9,10
f,188,46.4,15
f,188,48.7,25
f,188,53.4,50
f,188,58.6,75
f,188,61.7,85
f,188,63.9,90
f,188,67.3,95
f,188,69.6,97
f,188,74.3,99
f,189,39.3,1
f,189,41.6,3
f,189,42.9,5
f,189,45,10
f,189,46.5,15
f,189,48.8,25
f,189,53.5,50
f,189,58.7,75
f,189,61.8,85
f,189,63.9,90
f,189,67.3,95
f,189,69.6,97
f,189,74.3,99
f,190,39.4,1
f,190,41.8,3
f,190,43.1,5
f,190,45.1,10
f,190,46.6,15
f,190,48.9,25
f,190,53.6,50
f,190,58.8,75
f,190,61.8,85
f,190,64,90
f,190,67.4,95
f,190,69.7,97
f,190,74.3,99
f,191,39.5,1
f,191,41.9,3
f,191,43.2,5
f,191,45.3,10
f,191,46.7,15
f,191,49,25
f,191,53.7,50
f,191,58.9,75
f,191,61.9,85
f,191,64.1,90
f,191,67.4,95
f,191,69.7,97
f,191,74.3,99
f,192,39.6,1
f,192,41.9,3
f,192,43.2,5
f,192,45.3,10
f,192,46.8,15
f,192,49.1,25
f,192,53.7,50
f,192,58.9,75
f,192,61.9,85
f,192,64.1,90
f,192,67.5,95
f,192,69.8,97
f,192,74.4,99
f,193,39.7,1
f,193,42,3
f,193,43.3,5
f,193,45.4,10
f,193,46.9,15
f,193,49.2,25
f,193,53.8,50
f,193,58.9,75
f,193,62,85
f,193,64.1,90
f,193,67.5,95
f,193,69.8,97
f,193,74.4,99
f,194,39.8,1
f,194,42.1,3
f,194,43.4,5
f,194,45.5,10
f,194,46.9,15
f,194,49.2,25
f,194,53.8,50
f,194,59,75
f,194,62,85
f,194,64.1,90
f,194,67.5,95
f,194,69.8,97
f,194,74.4,99
f,195,39.9,1
f,195,42.2,3
f,195,43.5,5
f,195,45.5,10
f,195,47,15
f,195,49.3,25
f,195,53.9,50
f,195,59,75
f,195,62,85
f,195,64.2,90
f,195,67.5,95
f,195,69.8,97
f,195,74.4,99
f,196,40,1
f,196,42.3,3
f,196,43.5,5
f,196,45.6,10
f,196,47.1,15
f,196,49.3,25
f,196,53.9,50
f,196,59.1,75
f,196,62.1,85
f,196,64.2,90
f,196,67.6,95
f,196,69.8,97
f,196,74.4,99
f,197,40.1,1
f,197,42.3,3
f,197,43.6,5
f,197,45.7,10
f,197,47.1,15
f,197,49.4,25
f,197,54,50
f,197,59.1,75
f,197,62.1,85
f,197,64.2,90
f,197,67.6,95
f,197,69.9,97
f,197,74.4,99
f,198,40.1,1
f,198,42.4,3
f,198,43.7,5
f,198,45.7,10
f,198,47.2,15
f,198,49.4,25
f,198,54,50
f,198,59.1,75
f,198,62.1,85
f,198,64.2,90
f,198,67.6,95
f,198,69.9,97
f,198,74.4,99
f,199,40.2,1
f,199,42.5,3
f,199,43.7,5
f,199,45.8,10
f,199,47.2,15
f,199,49.5,25
f,199,54,50
f,199,59.1,75
f,199,62.1,85
f,199,64.2,90
f,199,67.6,95
f,199,69.9,97
f,199,74.5,99
f,200,40.3,1
f,200,42.5,3
f,200,43.8,5
f,200,45.8,10
f,200,47.3,15
f,200,49.5,25
f,200,54,50
f,200,59.1,75
f,200,62.1,85
f,200,64.3,90
f,200,67.6,95
f,200,69.9,97
f,200,74.5,99
f,201,40.3,1
f,201,42.6,3
f,201,43.8,5
f,201,45.8,10
f,201,47.3,15
f,201,49.5,25
f,201,54.1,50
f,201,59.1,75
f,201,62.1,85
f,201,64.3,90
f,201,67.6,95
f,201,69.9,97
f,201,74.5,99
f,202,40.4,1
f,202,42.6,3
f,202,43.9,5
f,202,45.9,10
f,202,47.3,15
f,202,49.5,25
f,202,54.1,50
f,202,59.1,75
f,202,62.1,85
f,202,64.3,90
f,202,67.6,95
f,202,69.9,97
f,202,74.5,99
f,203,40.4,1
f,203,42.7,3
f,203,43.9,5
f,203,45.9,10
f,203,47.4,15
f,203,49.6,25
f,203,54.1,50
f,203,59.1,75
f,203,62.1,85
f,203,64.3,90
f,203,67.6,95
f,203,69.9,97
f,203,74.5,99
f,204,40.5,1
f,204,42.7,3
f,204,44,5
f,204,46,10
f,204,47.4,15
f,204,49.6,25
f,204,54.1,50
f,204,59.1,75
f,204,62.1,85
f,204,64.3,90
f,204,67.6,95
f,204,69.9,97
f,204,74.5,99
f,205,40.6,1
f,205,42.8,3
f,205,44,5
f,205,46,10
f,205,47.4,15
f,205,49.6,25
f,205,54.1,50
f,205,59.1,75
f,205,62.1,85
f,205,64.2,90
f,205,67.6,95
f,205,69.9,97
f,205,74.6,99
f,206,40.6,1
f,206,42.8,3
f,206,44,5
f,206,46,10
f,206,47.4,15
f,206,49.6,25
f,206,54.1,50
f,206,59.1,75
f,206,62.1,85
f,206,64.2,90
f,206,67.6,95
f,206,69.9,97
f,206,74.6,99
f,207,40.7,1
f,207,42.8,3
f,207,44.1,5
f,207,46,10
f,207,47.4,15
f,207,49.6,25
f,207,54.1,50
f,207,59.1,75
f,207,62.1,85
f,207,64.2,90
f,207,67.6,95
f,207,69.9,97
f,207,74.6,99
f,208,40.7,1
f,208,42.9,3
f,208,44.1,5
f,208,46.1,10
f,208,47.5,15
f,208,49.6,25
f,208,54.1,50
f,208,59.1,75
f,208,62.1,85
f,208,64.2,90
f,208,67.6,95
f,208,69.9,97
f,208,74.6,99
f,209,40.8,1
f,209,42.9,3
f,209,44.1,5
f,209,46.1,10
f,209,47.5,15
f,209,49.6,25
f,209,54.1,50
f,209,59.1,75
f,209,62.1,85
f,209,64.2,90
f,209,67.6,95
f,209,69.9,97
f,209,74.6,99
f,210,40.8,1
f,210,43,3
f,210,44.2,5
f,210,46.1,10
f,210,47.5,15
f,210,49.6,25
f,210,54.1,50
f,210,59.1,75
f,210,62.1,85
f,210,64.2,90
f,210,67.6,95
f,210,69.9,97
f,210,74.7,99
f,211,40.9,1
f,211,43,3
f,211,44.2,5
f,211,46.1,10
f,211,47.5,15
f,211,49.7,25
f,211,54.1,50
f,211,59.1,75
f,211,62,85
f,211,64.2,90
f,211,67.6,95
f,211,69.9,97
f,211,74.7,99
f,212,40.9,1
f,212,43,3
f,212,44.2,5
f,212,46.1,10
f,212,47.5,15
f,212,49.7,25
f,212,54.1,50
f,212,59.1,75
f,212,62,85
f,212,64.2,90
f,212,67.6,95
f,212,69.9,97
f,212,74.7,99
f,213,41,1
f,213,43.1,3
f,213,44.3,5
f,213,46.2,10
f,213,47.5,15
f,213,49.7,25
f,213,54,50
f,213,59,75
f,213,62,85
f,213,64.2,90
f,213,67.6,95
f,213,69.9,97
f,213,74.7,99
f,214,41,1
f,214,43.1,3
f,214,44.3,5
f,214,46.2,10
f,214,47.6,15
f,214,49.7,25
f,214,54,50
f,214,59,75
f,214,62,85
f,214,64.2,90
f,214,67.6,95
f,214,69.9,97
f,214,74.8,99
f,215,41.1,1
f,215,43.2,3
f,215,44.3,5
f,215,46.2,10
f,215,47.6,15
f,215,49.7,25
f,215,54,50
f,215,59,75
f,215,62,85
f,215,64.1,90
f,215,67.6,95
f,215,69.9,97
f,215,74.8,99
f,216,41.1,1
f,216,43.2,3
f,216,44.3,5
f,216,46.2,10
f,216,47.6,15
f,216,49.7,25
f,216,54,50
f,216,59,75
f,216,62,85
f,216,64.1,90
f,216,67.5,95
f,216,69.9,97
f,216,74.8,99
f,217,41.2,1
f,217,43.2,3
f,217,44.4,5
f,217,46.3,10
f,217,47.6,15
f,217,49.7,25
f,217,54,50
f,217,59,75
f,217,62,85
f,217,64.1,90
f,217,67.5,95
f,217,69.9,97
f,217,74.8,99
f,218,41.2,1
f,218,43.3,3
f,218,44.4,5
f,218,46.3,10
f,218,47.6,15
f,218,49.7,25
f,218,54,50
f,218,59,75
f,218,61.9,85
f,218,64.1,90
f,218,67.5,95
f,218,69.9,97
f,218,74.8,99
f,219,41.3,1
f,219,43.3,3
f,219,44.4,5
f,219,46.3,10
f,219,47.6,15
f,219,49.7,25
f,219,54,50
f,219,58.9,75
f,219,61.9,85
f,219,64.1,90
f,219,67.5,95
f,219,69.9,97
f,219,74.9,99
f,220,41.3,1
f,220,43.3,3
f,220,44.5,5
f,220,46.3,10
f,220,47.6,15
f,220,49.7,25
f,220,54,50
f,220,58.9,75
f,220,61.9,85
f,220,64.1,90
f,220,67.5,95
f,220,69.9,97
f,220,74.9,99
f,221,41.4,1
f,221,43.4,3
f,221,44.5,5
f,221,46.3,10
f,221,47.6,15
f,221,49.7,25
f,221,54,50
f,221,58.9,75
f,221,61.9,85
f,221,64.1,90
f,221,67.5,95
f,221,69.9,97
f,221,74.9,99
f,222,41.4,1
f,222,43.4,3
f,222,44.5,5
f,222,46.3,10
f,222,47.7,15
f,222,49.7,25
f,222,54,50
f,222,58.9,75
f,222,61.9,85
f,222,64,90
f,222,67.5,95
f,222,69.9,97
f,222,74.9,99
f,223,41.5,1
f,223,43.4,3
f,223,44.5,5
f,223,46.4,10
f,223,47.7,15
f,223,49.7,25
f,223,54,50
f,223,58.9,75
f,223,61.9,85
f,223,64,90
f,223,67.5,95
f,223,69.9,97
f,223,75,99
f,224,41.5,1
f,224,43.5,3
f,224,44.6,5
f,224,46.4,10
f,224,47.7,15
f,224,49.7,25
f,224,53.9,50
f,224,58.9,75
f,224,61.8,85
f,224,64,90
f,224,67.5,95
f,224,69.9,97
f,224,75,99
f,225,41.5,1
f,225,43.5,3
f,225,44.6,5
f,225,46.4,10
f,225,47.7,15
f,225,49.7,25
f,225,53.9,50
f,225,58.8,75
f,225,61.8,85
f,225,64,90
f,225,67.5,95
f,225,69.9,97
f,225,75,99
f,226,41.6,1
f,226,43.5,3
f,226,44.6,5
f,226,46.4,10
f,226,47.7,15
f,226,49.7,25
f,226,53.9,50
f,226,58.8,75
f,226,61.8,85
f,226,64,90
f,226,67.5,95
f,226,69.9,97
f,226,75,99
f,227,41.6,1
f,227,43.6,3
f,227,44.7,5
f,227,46.4,10
f,227,47.7,15
f,227,49.7,25
f,227,53.9,50
f,227,58.8,75
f,227,61.8,85
f,227,64,90
f,227,67.5,95
f,227,69.9,97
f,227,75.1,99
